,Id_Animal,Hora_x,Producao,Data_x,Sessao,Timestamp,Fase,Data_y,Dia_Experimento,Dieta,Trat,Periodo,Hora_y,Temp_Vaginal
0,3652.0,2017-09-22 08:00:00,14.43,22/09/2017,S1,2017-09-22 08:00:00,2,2017-09-22 00:00:00,21,1,3,1,08:00:00,38.625
1,653.0,2017-09-22 08:00:00,14.04,22/09/2017,S1,2017-09-22 08:00:00,2,2017-09-22 00:00:00,21,1,1,1,08:00:00,38.5
2,2623.0,2017-09-22 08:00:00,14.88,22/09/2017,S1,2017-09-22 08:00:00,2,2017-09-22 00:00:00,21,2,2,1,08:00:00,38.75
3,2624.0,2017-09-22 08:30:00,13.19,22/09/2017,S1,2017-09-22 08:30:00,2,2017-09-22 00:00:00,21,2,3,1,08:30:00,37.625
4,2662.0,2017-09-22 08:00:00,7.87,22/09/2017,S1,2017-09-22 08:00:00,2,2017-09-22 00:00:00,21,2,1,1,08:00:00,38.625
5,4498.0,2017-09-22 08:00:00,13.02,22/09/2017,S1,2017-09-22 08:00:00,2,2017-09-22 00:00:00,21,1,1,1,08:00:00,38.75
6,4448.0,2017-09-22 08:00:00,13.81,22/09/2017,S1,2017-09-22 08:00:00,2,2017-09-22 00:00:00,21,1,3,1,08:00:00,38.625
7,4412.0,2017-09-22 08:00:00,9.75,22/09/2017,S1,2017-09-22 08:00:00,2,2017-09-22 00:00:00,21,1,2,1,08:00:00,37.75
8,4421.0,2017-09-22 08:30:00,7.92,22/09/2017,S1,2017-09-22 08:30:00,2,2017-09-22 00:00:00,21,2,3,1,08:30:00,38.875
9,4021.0,2017-09-22 08:30:00,13.95,22/09/2017,S1,2017-09-22 08:30:00,2,2017-09-22 00:00:00,21,2,1,1,08:30:00,25.0
10,3579.0,2017-09-22 08:00:00,13.91,22/09/2017,S1,2017-09-22 08:00:00,2,2017-09-22 00:00:00,21,1,2,1,08:00:00,39.25
11,3500.0,2017-09-22 08:00:00,14.31,22/09/2017,S1,2017-09-22 08:00:00,2,2017-09-22 00:00:00,21,2,3,1,08:00:00,38.625
12,3475.0,2017-09-22 08:00:00,14.27,22/09/2017,S1,2017-09-22 08:00:00,2,2017-09-22 00:00:00,21,1,2,1,08:00:00,38.875
13,3424.0,2017-09-22 08:30:00,9.01,22/09/2017,S1,2017-09-22 08:30:00,2,2017-09-22 00:00:00,21,2,1,1,08:30:00,38.25
14,2581.0,2017-09-22 08:00:00,17.76,22/09/2017,S1,2017-09-22 08:00:00,2,2017-09-22 00:00:00,21,1,3,1,08:00:00,38.75
15,2567.0,2017-09-22 08:00:00,13.87,22/09/2017,S1,2017-09-22 08:00:00,2,2017-09-22 00:00:00,21,1,1,1,08:00:00,
16,2468.0,2017-09-22 08:30:00,13.9,22/09/2017,S1,2017-09-22 08:30:00,2,2017-09-22 00:00:00,21,2,2,1,08:30:00,38.75
17,2406.0,2017-09-22 08:30:00,11.16,22/09/2017,S1,2017-09-22 08:30:00,2,2017-09-22 00:00:00,21,2,2,1,08:30:00,38.875
18,3652.0,2017-09-16 08:00:00,14.34,16/09/2017,S1,2017-09-16 08:00:00,2,2017-09-16 00:00:00,15,1,3,1,08:00:00,38.125
19,653.0,2017-09-16 08:00:00,14.34,16/09/2017,S1,2017-09-16 08:00:00,2,2017-09-16 00:00:00,15,1,1,1,08:00:00,38.375
20,2623.0,2017-09-16 08:00:00,13.9,16/09/2017,S1,2017-09-16 08:00:00,2,2017-09-16 00:00:00,15,2,2,1,08:00:00,38.625
21,2624.0,2017-09-16 08:00:00,14.94,16/09/2017,S1,2017-09-16 08:00:00,2,2017-09-16 00:00:00,15,2,3,1,08:00:00,36.75
22,2662.0,2017-09-16 08:00:00,1.46,16/09/2017,S1,2017-09-16 08:00:00,2,2017-09-16 00:00:00,15,2,1,1,08:00:00,39.75
23,4498.0,2017-09-16 08:00:00,11.16,16/09/2017,S1,2017-09-16 08:00:00,2,2017-09-16 00:00:00,15,1,1,1,08:00:00,39.0
24,4448.0,2017-09-16 08:00:00,14.41,16/09/2017,S1,2017-09-16 08:00:00,2,2017-09-16 00:00:00,15,1,3,1,08:00:00,38.875
25,4412.0,2017-09-16 08:00:00,9.59,16/09/2017,S1,2017-09-16 08:00:00,2,2017-09-16 00:00:00,15,1,2,1,08:00:00,38.75
26,4421.0,2017-09-16 08:30:00,6.69,16/09/2017,S1,2017-09-16 08:30:00,2,2017-09-16 00:00:00,15,2,3,1,08:30:00,39.0
27,4021.0,2017-09-16 08:00:00,14.8,16/09/2017,S1,2017-09-16 08:00:00,2,2017-09-16 00:00:00,15,2,1,1,08:00:00,
28,3579.0,2017-09-16 08:00:00,12.66,16/09/2017,S1,2017-09-16 08:00:00,2,2017-09-16 00:00:00,15,1,2,1,08:00:00,39.25
29,3500.0,2017-09-16 08:00:00,14.24,16/09/2017,S1,2017-09-16 08:00:00,2,2017-09-16 00:00:00,15,2,3,1,08:00:00,38.5
30,3475.0,2017-09-16 08:00:00,15.03,16/09/2017,S1,2017-09-16 08:00:00,2,2017-09-16 00:00:00,15,1,2,1,08:00:00,
31,3424.0,2017-09-16 08:00:00,9.01,16/09/2017,S1,2017-09-16 08:00:00,2,2017-09-16 00:00:00,15,2,1,1,08:00:00,38.5
32,2581.0,2017-09-16 08:00:00,17.65,16/09/2017,S1,2017-09-16 08:00:00,2,2017-09-16 00:00:00,15,1,3,1,08:00:00,38.75
33,2567.0,2017-09-16 08:00:00,15.63,16/09/2017,S1,2017-09-16 08:00:00,2,2017-09-16 00:00:00,15,1,1,1,08:00:00,38.875
34,2468.0,2017-09-16 08:00:00,14.11,16/09/2017,S1,2017-09-16 08:00:00,2,2017-09-16 00:00:00,15,2,2,1,08:00:00,38.75
35,2406.0,2017-09-16 08:30:00,10.83,16/09/2017,S1,2017-09-16 08:30:00,2,2017-09-16 00:00:00,15,2,2,1,08:30:00,38.75
36,3652.0,2017-09-15 08:00:00,12.95,15/09/2017,S1,2017-09-15 08:00:00,2,2017-09-15 00:00:00,14,1,3,1,08:00:00,38.375
37,653.0,2017-09-15 08:00:00,15.15,15/09/2017,S1,2017-09-15 08:00:00,2,2017-09-15 00:00:00,14,1,1,1,08:00:00,
38,2623.0,2017-09-15 08:30:00,14.65,15/09/2017,S1,2017-09-15 08:30:00,2,2017-09-15 00:00:00,14,2,2,1,08:30:00,38.75
39,2624.0,2017-09-15 08:00:00,11.94,15/09/2017,S1,2017-09-15 08:00:00,2,2017-09-15 00:00:00,14,2,3,1,08:00:00,38.75
40,2662.0,2017-09-15 08:00:00,14.45,15/09/2017,S1,2017-09-15 08:00:00,2,2017-09-15 00:00:00,14,2,1,1,08:00:00,38.5
41,4498.0,2017-09-15 08:00:00,10.5,15/09/2017,S1,2017-09-15 08:00:00,2,2017-09-15 00:00:00,14,1,1,1,08:00:00,38.625
42,4448.0,2017-09-15 08:00:00,14.16,15/09/2017,S1,2017-09-15 08:00:00,2,2017-09-15 00:00:00,14,1,3,1,08:00:00,38.75
43,4412.0,2017-09-15 08:00:00,11.17,15/09/2017,S1,2017-09-15 08:00:00,2,2017-09-15 00:00:00,14,1,2,1,08:00:00,38.5
44,4421.0,2017-09-15 10:00:00,6.86,15/09/2017,S1,2017-09-15 10:00:00,2,2017-09-15 00:00:00,14,2,3,1,10:00:00,39.0
45,4021.0,2017-09-15 08:30:00,14.31,15/09/2017,S1,2017-09-15 08:30:00,2,2017-09-15 00:00:00,14,2,1,1,08:30:00,38.5
46,3579.0,2017-09-15 08:00:00,13.12,15/09/2017,S1,2017-09-15 08:00:00,2,2017-09-15 00:00:00,14,1,2,1,08:00:00,39.125
47,3500.0,2017-09-15 08:30:00,14.65,15/09/2017,S1,2017-09-15 08:30:00,2,2017-09-15 00:00:00,14,2,3,1,08:30:00,38.625
48,3475.0,2017-09-15 08:00:00,13.2,15/09/2017,S1,2017-09-15 08:00:00,2,2017-09-15 00:00:00,14,1,2,1,08:00:00,
49,3424.0,2017-09-15 08:00:00,6.68,15/09/2017,S1,2017-09-15 08:00:00,2,2017-09-15 00:00:00,14,2,1,1,08:00:00,38.25
50,2581.0,2017-09-15 08:00:00,30.87,15/09/2017,S1,2017-09-15 08:00:00,2,2017-09-15 00:00:00,14,1,3,1,08:00:00,38.5
51,2567.0,2017-09-15 08:00:00,14.77,15/09/2017,S1,2017-09-15 08:00:00,2,2017-09-15 00:00:00,14,1,1,1,08:00:00,38.625
52,2468.0,2017-09-15 08:30:00,13.66,15/09/2017,S1,2017-09-15 08:30:00,2,2017-09-15 00:00:00,14,2,2,1,08:30:00,38.75
53,2406.0,2017-09-15 08:00:00,10.26,15/09/2017,S1,2017-09-15 08:00:00,2,2017-09-15 00:00:00,14,2,2,1,08:00:00,38.625
54,3652.0,2017-09-19 08:00:00,13.94,19/09/2017,S1,2017-09-19 08:00:00,2,2017-09-19 00:00:00,18,1,3,1,08:00:00,38.625
55,653.0,2017-09-19 08:30:00,13.74,19/09/2017,S1,2017-09-19 08:30:00,2,2017-09-19 00:00:00,18,1,1,1,08:30:00,38.875
56,2623.0,2017-09-19 08:00:00,15.19,19/09/2017,S1,2017-09-19 08:00:00,2,2017-09-19 00:00:00,18,2,2,1,08:00:00,38.875
57,2624.0,2017-09-19 08:30:00,14.97,19/09/2017,S1,2017-09-19 08:30:00,2,2017-09-19 00:00:00,18,2,3,1,08:30:00,31.125
58,2662.0,2017-09-19 08:00:00,9.3,19/09/2017,S1,2017-09-19 08:00:00,2,2017-09-19 00:00:00,18,2,1,1,08:00:00,39.25
59,4498.0,2017-09-19 08:00:00,12.47,19/09/2017,S1,2017-09-19 08:00:00,2,2017-09-19 00:00:00,18,1,1,1,08:00:00,38.875
60,4448.0,2017-09-19 08:00:00,13.19,19/09/2017,S1,2017-09-19 08:00:00,2,2017-09-19 00:00:00,18,1,3,1,08:00:00,38.625
61,4412.0,2017-09-19 08:00:00,10.1,19/09/2017,S1,2017-09-19 08:00:00,2,2017-09-19 00:00:00,18,1,2,1,08:00:00,38.375
62,4421.0,2017-09-19 08:30:00,22.63,19/09/2017,S1,2017-09-19 08:30:00,2,2017-09-19 00:00:00,18,2,3,1,08:30:00,38.75
63,4021.0,2017-09-19 08:30:00,14.39,19/09/2017,S1,2017-09-19 08:30:00,2,2017-09-19 00:00:00,18,2,1,1,08:30:00,38.75
64,3579.0,2017-09-19 08:00:00,13.22,19/09/2017,S1,2017-09-19 08:00:00,2,2017-09-19 00:00:00,18,1,2,1,08:00:00,39.25
65,3500.0,2017-09-19 08:00:00,14.36,19/09/2017,S1,2017-09-19 08:00:00,2,2017-09-19 00:00:00,18,2,3,1,08:00:00,38.375
66,3475.0,2017-09-19 08:00:00,15.23,19/09/2017,S1,2017-09-19 08:00:00,2,2017-09-19 00:00:00,18,1,2,1,08:00:00,38.75
67,3424.0,2017-09-19 08:30:00,6.22,19/09/2017,S1,2017-09-19 08:30:00,2,2017-09-19 00:00:00,18,2,1,1,08:30:00,39.5
68,2581.0,2017-09-19 08:00:00,17.67,19/09/2017,S1,2017-09-19 08:00:00,2,2017-09-19 00:00:00,18,1,3,1,08:00:00,38.875
69,2567.0,2017-09-19 08:00:00,13.53,19/09/2017,S1,2017-09-19 08:00:00,2,2017-09-19 00:00:00,18,1,1,1,08:00:00,
70,2468.0,2017-09-19 08:30:00,26.47,19/09/2017,S1,2017-09-19 08:30:00,2,2017-09-19 00:00:00,18,2,2,1,08:30:00,39.375
71,2406.0,2017-09-19 08:30:00,11.99,19/09/2017,S1,2017-09-19 08:30:00,2,2017-09-19 00:00:00,18,2,2,1,08:30:00,38.625
72,3652.0,2017-09-17 08:00:00,13.87,17/09/2017,S1,2017-09-17 08:00:00,2,2017-09-17 00:00:00,16,1,3,1,08:00:00,38.875
73,653.0,2017-09-17 08:00:00,10.42,17/09/2017,S1,2017-09-17 08:00:00,2,2017-09-17 00:00:00,16,1,1,1,08:00:00,38.5
74,2623.0,2017-09-17 08:30:00,15.02,17/09/2017,S1,2017-09-17 08:30:00,2,2017-09-17 00:00:00,16,2,2,1,08:30:00,38.625
75,2624.0,2017-09-17 08:00:00,13.06,17/09/2017,S1,2017-09-17 08:00:00,2,2017-09-17 00:00:00,16,2,3,1,08:00:00,38.625
76,2662.0,2017-09-17 08:00:00,4.84,17/09/2017,S1,2017-09-17 08:00:00,2,2017-09-17 00:00:00,16,2,1,1,08:00:00,39.25
77,4498.0,2017-09-17 08:00:00,12.07,17/09/2017,S1,2017-09-17 08:00:00,2,2017-09-17 00:00:00,16,1,1,1,08:00:00,38.625
78,4448.0,2017-09-17 08:00:00,13.84,17/09/2017,S1,2017-09-17 08:00:00,2,2017-09-17 00:00:00,16,1,3,1,08:00:00,38.875
79,4412.0,2017-09-17 08:00:00,10.66,17/09/2017,S1,2017-09-17 08:00:00,2,2017-09-17 00:00:00,16,1,2,1,08:00:00,38.5
80,4421.0,2017-09-17 08:30:00,8.15,17/09/2017,S1,2017-09-17 08:30:00,2,2017-09-17 00:00:00,16,2,3,1,08:30:00,39.0
81,4021.0,2017-09-17 08:30:00,14.24,17/09/2017,S1,2017-09-17 08:30:00,2,2017-09-17 00:00:00,16,2,1,1,08:30:00,39.25
82,3579.0,2017-09-17 08:00:00,13.72,17/09/2017,S1,2017-09-17 08:00:00,2,2017-09-17 00:00:00,16,1,2,1,08:00:00,39.125
83,3500.0,2017-09-17 08:30:00,15.39,17/09/2017,S1,2017-09-17 08:30:00,2,2017-09-17 00:00:00,16,2,3,1,08:30:00,38.25
84,3475.0,2017-09-17 08:00:00,15.49,17/09/2017,S1,2017-09-17 08:00:00,2,2017-09-17 00:00:00,16,1,2,1,08:00:00,39.0
85,3424.0,2017-09-17 08:00:00,9.7,17/09/2017,S1,2017-09-17 08:00:00,2,2017-09-17 00:00:00,16,2,1,1,08:00:00,39.0
86,2581.0,2017-09-17 08:00:00,17.95,17/09/2017,S1,2017-09-17 08:00:00,2,2017-09-17 00:00:00,16,1,3,1,08:00:00,38.625
87,2567.0,2017-09-17 08:00:00,14.99,17/09/2017,S1,2017-09-17 08:00:00,2,2017-09-17 00:00:00,16,1,1,1,08:00:00,39.0
88,2468.0,2017-09-17 08:30:00,14.34,17/09/2017,S1,2017-09-17 08:30:00,2,2017-09-17 00:00:00,16,2,2,1,08:30:00,38.75
89,2406.0,2017-09-17 08:00:00,12.15,17/09/2017,S1,2017-09-17 08:00:00,2,2017-09-17 00:00:00,16,2,2,1,08:00:00,38.5
90,3652.0,2017-09-20 08:30:00,14.32,20/09/2017,S1,2017-09-20 08:30:00,2,2017-09-20 00:00:00,19,1,3,1,08:30:00,38.75
91,653.0,2017-09-20 08:00:00,13.62,20/09/2017,S1,2017-09-20 08:00:00,2,2017-09-20 00:00:00,19,1,1,1,08:00:00,38.625
92,2623.0,2017-09-20 08:30:00,15.53,20/09/2017,S1,2017-09-20 08:30:00,2,2017-09-20 00:00:00,19,2,2,1,08:30:00,38.75
93,2624.0,2017-09-20 08:30:00,12.12,20/09/2017,S1,2017-09-20 08:30:00,2,2017-09-20 00:00:00,19,2,3,1,08:30:00,38.75
94,2662.0,2017-09-20 08:00:00,9.07,20/09/2017,S1,2017-09-20 08:00:00,2,2017-09-20 00:00:00,19,2,1,1,08:00:00,39.375
95,4498.0,2017-09-20 08:00:00,12.81,20/09/2017,S1,2017-09-20 08:00:00,2,2017-09-20 00:00:00,19,1,1,1,08:00:00,39.0
96,4448.0,2017-09-20 08:00:00,13.52,20/09/2017,S1,2017-09-20 08:00:00,2,2017-09-20 00:00:00,19,1,3,1,08:00:00,38.625
97,4412.0,2017-09-20 08:00:00,10.42,20/09/2017,S1,2017-09-20 08:00:00,2,2017-09-20 00:00:00,19,1,2,1,08:00:00,38.5
98,4421.0,2017-09-20 08:30:00,7.34,20/09/2017,S1,2017-09-20 08:30:00,2,2017-09-20 00:00:00,19,2,3,1,08:30:00,38.625
99,4021.0,2017-09-20 08:30:00,14.47,20/09/2017,S1,2017-09-20 08:30:00,2,2017-09-20 00:00:00,19,2,1,1,08:30:00,39.0
100,3579.0,2017-09-20 08:00:00,14.03,20/09/2017,S1,2017-09-20 08:00:00,2,2017-09-20 00:00:00,19,1,2,1,08:00:00,38.875
101,3500.0,2017-09-20 08:30:00,15.58,20/09/2017,S1,2017-09-20 08:30:00,2,2017-09-20 00:00:00,19,2,3,1,08:30:00,38.75
102,3475.0,2017-09-20 08:00:00,15.24,20/09/2017,S1,2017-09-20 08:00:00,2,2017-09-20 00:00:00,19,1,2,1,08:00:00,38.75
103,3424.0,2017-09-20 08:30:00,7.89,20/09/2017,S1,2017-09-20 08:30:00,2,2017-09-20 00:00:00,19,2,1,1,08:30:00,38.875
104,2581.0,2017-09-20 08:30:00,18.45,20/09/2017,S1,2017-09-20 08:30:00,2,2017-09-20 00:00:00,19,1,3,1,08:30:00,38.625
105,2567.0,2017-09-20 08:00:00,10.09,20/09/2017,S1,2017-09-20 08:00:00,2,2017-09-20 00:00:00,19,1,1,1,08:00:00,
106,2468.0,2017-09-20 08:30:00,14.72,20/09/2017,S1,2017-09-20 08:30:00,2,2017-09-20 00:00:00,19,2,2,1,08:30:00,39.375
107,2406.0,2017-09-20 08:30:00,11.07,20/09/2017,S1,2017-09-20 08:30:00,2,2017-09-20 00:00:00,19,2,2,1,08:30:00,38.875
108,3652.0,2017-09-18 08:00:00,13.94,18/09/2017,S1,2017-09-18 08:00:00,2,2017-09-18 00:00:00,17,1,3,1,08:00:00,38.75
109,653.0,2017-09-18 08:00:00,14.33,18/09/2017,S1,2017-09-18 08:00:00,2,2017-09-18 00:00:00,17,1,1,1,08:00:00,38.25
110,2623.0,2017-09-18 08:30:00,15.48,18/09/2017,S1,2017-09-18 08:30:00,2,2017-09-18 00:00:00,17,2,2,1,08:30:00,38.75
111,2624.0,2017-09-18 08:30:00,14.46,18/09/2017,S1,2017-09-18 08:30:00,2,2017-09-18 00:00:00,17,2,3,1,08:30:00,37.75
112,2662.0,2017-09-18 08:00:00,7.48,18/09/2017,S1,2017-09-18 08:00:00,2,2017-09-18 00:00:00,17,2,1,1,08:00:00,39.125
113,4498.0,2017-09-18 08:00:00,11.37,18/09/2017,S1,2017-09-18 08:00:00,2,2017-09-18 00:00:00,17,1,1,1,08:00:00,38.875
114,4448.0,2017-09-18 08:00:00,13.99,18/09/2017,S1,2017-09-18 08:00:00,2,2017-09-18 00:00:00,17,1,3,1,08:00:00,38.625
115,4412.0,2017-09-18 08:00:00,10.88,18/09/2017,S1,2017-09-18 08:00:00,2,2017-09-18 00:00:00,17,1,2,1,08:00:00,38.875
116,4421.0,2017-09-18 08:30:00,7.54,18/09/2017,S1,2017-09-18 08:30:00,2,2017-09-18 00:00:00,17,2,3,1,08:30:00,39.0
117,4021.0,2017-09-18 08:00:00,14.44,18/09/2017,S1,2017-09-18 08:00:00,2,2017-09-18 00:00:00,17,2,1,1,08:00:00,38.875
118,3579.0,2017-09-18 08:00:00,13.22,18/09/2017,S1,2017-09-18 08:00:00,2,2017-09-18 00:00:00,17,1,2,1,08:00:00,39.125
119,3500.0,2017-09-18 08:00:00,15.46,18/09/2017,S1,2017-09-18 08:00:00,2,2017-09-18 00:00:00,17,2,3,1,08:00:00,38.5
120,3475.0,2017-09-18 08:00:00,15.67,18/09/2017,S1,2017-09-18 08:00:00,2,2017-09-18 00:00:00,17,1,2,1,08:00:00,38.75
121,3424.0,2017-09-18 08:00:00,9.48,18/09/2017,S1,2017-09-18 08:00:00,2,2017-09-18 00:00:00,17,2,1,1,08:00:00,39.0
122,2581.0,2017-09-18 08:00:00,17.73,18/09/2017,S1,2017-09-18 08:00:00,2,2017-09-18 00:00:00,17,1,3,1,08:00:00,38.75
123,2567.0,2017-09-18 08:00:00,13.65,18/09/2017,S1,2017-09-18 08:00:00,2,2017-09-18 00:00:00,17,1,1,1,08:00:00,39.25
124,2468.0,2017-09-18 08:30:00,15.1,18/09/2017,S1,2017-09-18 08:30:00,2,2017-09-18 00:00:00,17,2,2,1,08:30:00,39.0
125,2406.0,2017-09-18 08:30:00,11.07,18/09/2017,S1,2017-09-18 08:30:00,2,2017-09-18 00:00:00,17,2,2,1,08:30:00,38.75
126,3652.0,2017-09-14 08:00:00,14.05,14/09/2017,S1,2017-09-14 08:00:00,2,2017-09-14 00:00:00,13,1,3,0,08:00:00,38.375
127,653.0,2017-09-14 08:00:00,15.14,14/09/2017,S1,2017-09-14 08:00:00,2,2017-09-14 00:00:00,13,1,1,0,08:00:00,38.375
128,2623.0,2017-09-14 08:30:00,14.87,14/09/2017,S1,2017-09-14 08:30:00,2,2017-09-14 00:00:00,13,2,2,0,08:30:00,39.0
129,2624.0,2017-09-14 08:30:00,15.33,14/09/2017,S1,2017-09-14 08:30:00,2,2017-09-14 00:00:00,13,2,3,0,08:30:00,37.75
130,2662.0,2017-09-14 08:30:00,13.3,14/09/2017,S1,2017-09-14 08:30:00,2,2017-09-14 00:00:00,13,2,1,0,08:30:00,38.75
131,4498.0,2017-09-14 08:00:00,12.16,14/09/2017,S1,2017-09-14 08:00:00,2,2017-09-14 00:00:00,13,1,1,0,08:00:00,39.125
132,4448.0,2017-09-14 08:00:00,13.09,14/09/2017,S1,2017-09-14 08:00:00,2,2017-09-14 00:00:00,13,1,3,0,08:00:00,38.875
133,4412.0,2017-09-14 08:00:00,11.25,14/09/2017,S1,2017-09-14 08:00:00,2,2017-09-14 00:00:00,13,1,2,0,08:00:00,38.5
134,4421.0,2017-09-14 10:00:00,7.91,14/09/2017,S1,2017-09-14 10:00:00,2,2017-09-14 00:00:00,13,2,3,0,10:00:00,38.625
135,4021.0,2017-09-14 08:30:00,14.26,14/09/2017,S1,2017-09-14 08:30:00,2,2017-09-14 00:00:00,13,2,1,0,08:30:00,38.75
136,3579.0,2017-09-14 08:00:00,13.12,14/09/2017,S1,2017-09-14 08:00:00,2,2017-09-14 00:00:00,13,1,2,0,08:00:00,39.0
137,3500.0,2017-09-14 08:30:00,14.65,14/09/2017,S1,2017-09-14 08:30:00,2,2017-09-14 00:00:00,13,2,3,0,08:30:00,38.625
138,3475.0,2017-09-14 08:00:00,13.64,14/09/2017,S1,2017-09-14 08:00:00,2,2017-09-14 00:00:00,13,1,2,0,08:00:00,
139,3424.0,2017-09-14 08:30:00,9.15,14/09/2017,S1,2017-09-14 08:30:00,2,2017-09-14 00:00:00,13,2,1,0,08:30:00,38.625
140,2581.0,2017-09-14 08:30:00,28.75,14/09/2017,S1,2017-09-14 08:30:00,2,2017-09-14 00:00:00,13,1,3,0,08:30:00,38.875
141,2567.0,2017-09-14 08:00:00,14.66,14/09/2017,S1,2017-09-14 08:00:00,2,2017-09-14 00:00:00,13,1,1,0,08:00:00,38.875
142,2468.0,2017-09-14 08:30:00,14.14,14/09/2017,S1,2017-09-14 08:30:00,2,2017-09-14 00:00:00,13,2,2,0,08:30:00,39.125
143,2406.0,2017-09-14 08:30:00,10.26,14/09/2017,S1,2017-09-14 08:30:00,2,2017-09-14 00:00:00,13,2,2,0,08:30:00,38.75
144,3652.0,2017-09-13 08:00:00,13.23,13/09/2017,S1,2017-09-13 08:00:00,2,2017-09-13 00:00:00,12,1,3,0,08:00:00,
145,653.0,2017-09-13 08:30:00,9.46,13/09/2017,S1,2017-09-13 08:30:00,2,2017-09-13 00:00:00,12,1,1,0,08:30:00,38.375
146,2623.0,2017-09-13 08:30:00,15.25,13/09/2017,S1,2017-09-13 08:30:00,2,2017-09-13 00:00:00,12,2,2,0,08:30:00,38.75
147,2624.0,2017-09-13 08:30:00,14.56,13/09/2017,S1,2017-09-13 08:30:00,2,2017-09-13 00:00:00,12,2,3,0,08:30:00,
148,2662.0,2017-09-13 08:30:00,27.21,13/09/2017,S1,2017-09-13 08:30:00,2,2017-09-13 00:00:00,12,2,1,0,08:30:00,38.625
149,4498.0,2017-09-13 08:00:00,9.95,13/09/2017,S1,2017-09-13 08:00:00,2,2017-09-13 00:00:00,12,1,1,0,08:00:00,39.375
150,4448.0,2017-09-13 08:00:00,12.97,13/09/2017,S1,2017-09-13 08:00:00,2,2017-09-13 00:00:00,12,1,3,0,08:00:00,38.875
151,4412.0,2017-09-13 08:00:00,11.42,13/09/2017,S1,2017-09-13 08:00:00,2,2017-09-13 00:00:00,12,1,2,0,08:00:00,38.75
152,4421.0,2017-09-13 10:30:00,7.96,13/09/2017,S1,2017-09-13 10:30:00,2,2017-09-13 00:00:00,12,2,3,0,10:30:00,38.75
153,4021.0,2017-09-13 08:30:00,15.06,13/09/2017,S1,2017-09-13 08:30:00,2,2017-09-13 00:00:00,12,2,1,0,08:30:00,
154,3579.0,2017-09-13 08:00:00,14.13,13/09/2017,S1,2017-09-13 08:00:00,2,2017-09-13 00:00:00,12,1,2,0,08:00:00,
155,3500.0,2017-09-13 08:30:00,13.99,13/09/2017,S1,2017-09-13 08:30:00,2,2017-09-13 00:00:00,12,2,3,0,08:30:00,
156,3475.0,2017-09-13 08:00:00,13.64,13/09/2017,S1,2017-09-13 08:00:00,2,2017-09-13 00:00:00,12,1,2,0,08:00:00,
157,3424.0,2017-09-13 08:30:00,8.62,13/09/2017,S1,2017-09-13 08:30:00,2,2017-09-13 00:00:00,12,2,1,0,08:30:00,
158,2581.0,2017-09-13 08:00:00,17.29,13/09/2017,S1,2017-09-13 08:00:00,2,2017-09-13 00:00:00,12,1,3,0,08:00:00,38.75
159,2567.0,2017-09-13 08:00:00,15.68,13/09/2017,S1,2017-09-13 08:00:00,2,2017-09-13 00:00:00,12,1,1,0,08:00:00,
160,2468.0,2017-09-13 08:30:00,15.24,13/09/2017,S1,2017-09-13 08:30:00,2,2017-09-13 00:00:00,12,2,2,0,08:30:00,39.125
161,2406.0,2017-09-13 08:30:00,11.21,13/09/2017,S1,2017-09-13 08:30:00,2,2017-09-13 00:00:00,12,2,2,0,08:30:00,
162,3652.0,2017-09-12 08:00:00,12.47,12/09/2017,S1,2017-09-12 08:00:00,2,2017-09-12 00:00:00,11,1,3,0,08:00:00,
163,653.0,2017-09-12 08:00:00,14.24,12/09/2017,S1,2017-09-12 08:00:00,2,2017-09-12 00:00:00,11,1,1,0,08:00:00,
164,2623.0,2017-09-12 08:30:00,30.05,12/09/2017,S1,2017-09-12 08:30:00,2,2017-09-12 00:00:00,11,2,2,0,08:30:00,
165,2624.0,2017-09-12 08:00:00,13.58,12/09/2017,S1,2017-09-12 08:00:00,2,2017-09-12 00:00:00,11,2,3,0,08:00:00,
166,2662.0,2017-09-12 08:00:00,13.41,12/09/2017,S1,2017-09-12 08:00:00,2,2017-09-12 00:00:00,11,2,1,0,08:00:00,
167,4498.0,2017-09-12 08:00:00,12.32,12/09/2017,S1,2017-09-12 08:00:00,2,2017-09-12 00:00:00,11,1,1,0,08:00:00,
168,4448.0,2017-09-12 08:00:00,13.94,12/09/2017,S1,2017-09-12 08:00:00,2,2017-09-12 00:00:00,11,1,3,0,08:00:00,
169,4412.0,2017-09-12 08:00:00,11.08,12/09/2017,S1,2017-09-12 08:00:00,2,2017-09-12 00:00:00,11,1,2,0,08:00:00,
170,4021.0,2017-09-12 08:00:00,15.06,12/09/2017,S1,2017-09-12 08:00:00,2,2017-09-12 00:00:00,11,2,1,0,08:00:00,
171,3579.0,2017-09-12 08:00:00,13.62,12/09/2017,S1,2017-09-12 08:00:00,2,2017-09-12 00:00:00,11,1,2,0,08:00:00,
172,3500.0,2017-09-12 08:00:00,13.76,12/09/2017,S1,2017-09-12 08:00:00,2,2017-09-12 00:00:00,11,2,3,0,08:00:00,
173,3475.0,2017-09-12 08:00:00,12.22,12/09/2017,S1,2017-09-12 08:00:00,2,2017-09-12 00:00:00,11,1,2,0,08:00:00,
174,3424.0,2017-09-12 08:00:00,9.98,12/09/2017,S1,2017-09-12 08:00:00,2,2017-09-12 00:00:00,11,2,1,0,08:00:00,
175,2581.0,2017-09-12 08:00:00,17.34,12/09/2017,S1,2017-09-12 08:00:00,2,2017-09-12 00:00:00,11,1,3,0,08:00:00,
176,2567.0,2017-09-12 08:00:00,14.4,12/09/2017,S1,2017-09-12 08:00:00,2,2017-09-12 00:00:00,11,1,1,0,08:00:00,
177,2468.0,2017-09-12 08:00:00,13.88,12/09/2017,S1,2017-09-12 08:00:00,2,2017-09-12 00:00:00,11,2,2,0,08:00:00,
178,2406.0,2017-09-12 08:00:00,11.23,12/09/2017,S1,2017-09-12 08:00:00,2,2017-09-12 00:00:00,11,2,2,0,08:00:00,
179,3652.0,2017-09-27 08:00:00,14.95,27/09/2017,S1,2017-09-27 08:00:00,2,2017-09-27 00:00:00,26,1,3,1,08:00:00,
180,653.0,2017-09-27 08:00:00,13.55,27/09/2017,S1,2017-09-27 08:00:00,2,2017-09-27 00:00:00,26,1,1,1,08:00:00,38.75
181,2623.0,2017-09-27 08:00:00,14.38,27/09/2017,S1,2017-09-27 08:00:00,2,2017-09-27 00:00:00,26,2,2,1,08:00:00,38.625
182,2624.0,2017-09-27 08:30:00,13.67,27/09/2017,S1,2017-09-27 08:30:00,2,2017-09-27 00:00:00,26,2,3,1,08:30:00,38.125
183,2662.0,2017-09-27 09:30:00,13.69,27/09/2017,S1,2017-09-27 09:30:00,2,2017-09-27 00:00:00,26,2,1,1,09:30:00,38.5
184,4498.0,2017-09-27 08:00:00,12.94,27/09/2017,S1,2017-09-27 08:00:00,2,2017-09-27 00:00:00,26,1,1,1,08:00:00,39.125
185,4448.0,2017-09-27 08:00:00,11.9,27/09/2017,S1,2017-09-27 08:00:00,2,2017-09-27 00:00:00,26,1,3,1,08:00:00,39.125
186,4412.0,2017-09-27 08:00:00,10.09,27/09/2017,S1,2017-09-27 08:00:00,2,2017-09-27 00:00:00,26,1,2,1,08:00:00,38.875
187,4421.0,2017-09-27 08:00:00,8.44,27/09/2017,S1,2017-09-27 08:00:00,2,2017-09-27 00:00:00,26,2,3,1,08:00:00,38.875
188,4021.0,2017-09-27 08:30:00,20.73,27/09/2017,S1,2017-09-27 08:30:00,2,2017-09-27 00:00:00,26,2,1,1,08:30:00,39.25
189,3579.0,2017-09-27 08:00:00,11.99,27/09/2017,S1,2017-09-27 08:00:00,2,2017-09-27 00:00:00,26,1,2,1,08:00:00,
190,3500.0,2017-09-27 08:30:00,14.47,27/09/2017,S1,2017-09-27 08:30:00,2,2017-09-27 00:00:00,26,2,3,1,08:30:00,
191,3475.0,2017-09-27 08:00:00,15.24,27/09/2017,S1,2017-09-27 08:00:00,2,2017-09-27 00:00:00,26,1,2,1,08:00:00,39.5
192,3424.0,2017-09-27 08:30:00,7.01,27/09/2017,S1,2017-09-27 08:30:00,2,2017-09-27 00:00:00,26,2,1,1,08:30:00,38.875
193,2581.0,2017-09-27 08:00:00,16.87,27/09/2017,S1,2017-09-27 08:00:00,2,2017-09-27 00:00:00,26,1,3,1,08:00:00,38.75
194,2567.0,2017-09-27 08:00:00,12.95,27/09/2017,S1,2017-09-27 08:00:00,2,2017-09-27 00:00:00,26,1,1,1,08:00:00,38.75
195,2468.0,2017-09-27 08:00:00,13.45,27/09/2017,S1,2017-09-27 08:00:00,2,2017-09-27 00:00:00,26,2,2,1,08:00:00,39.0
196,2406.0,2017-09-27 08:00:00,11.05,27/09/2017,S1,2017-09-27 08:00:00,2,2017-09-27 00:00:00,26,2,2,1,08:00:00,38.875
197,3652.0,2017-09-26 08:30:00,14.7,26/09/2017,S1,2017-09-26 08:30:00,2,2017-09-26 00:00:00,25,1,3,1,08:30:00,
198,653.0,2017-09-26 08:00:00,14.08,26/09/2017,S1,2017-09-26 08:00:00,2,2017-09-26 00:00:00,25,1,1,1,08:00:00,38.5
199,2623.0,2017-09-26 08:30:00,13.93,26/09/2017,S1,2017-09-26 08:30:00,2,2017-09-26 00:00:00,25,2,2,1,08:30:00,38.75
200,2624.0,2017-09-26 08:30:00,13.19,26/09/2017,S1,2017-09-26 08:30:00,2,2017-09-26 00:00:00,25,2,3,1,08:30:00,38.125
201,2662.0,2017-09-26 08:00:00,12.54,26/09/2017,S1,2017-09-26 08:00:00,2,2017-09-26 00:00:00,25,2,1,1,08:00:00,38.875
202,4498.0,2017-09-26 08:00:00,13.0,26/09/2017,S1,2017-09-26 08:00:00,2,2017-09-26 00:00:00,25,1,1,1,08:00:00,38.625
203,4448.0,2017-09-26 08:00:00,13.61,26/09/2017,S1,2017-09-26 08:00:00,2,2017-09-26 00:00:00,25,1,3,1,08:00:00,39.875
204,4412.0,2017-09-26 08:00:00,10.5,26/09/2017,S1,2017-09-26 08:00:00,2,2017-09-26 00:00:00,25,1,2,1,08:00:00,38.875
205,4421.0,2017-09-26 08:30:00,8.51,26/09/2017,S1,2017-09-26 08:30:00,2,2017-09-26 00:00:00,25,2,3,1,08:30:00,38.625
206,4021.0,2017-09-26 08:30:00,13.88,26/09/2017,S1,2017-09-26 08:30:00,2,2017-09-26 00:00:00,25,2,1,1,08:30:00,39.0
207,3579.0,2017-09-26 08:00:00,12.19,26/09/2017,S1,2017-09-26 08:00:00,2,2017-09-26 00:00:00,25,1,2,1,08:00:00,38.625
208,3500.0,2017-09-26 08:30:00,14.81,26/09/2017,S1,2017-09-26 08:30:00,2,2017-09-26 00:00:00,25,2,3,1,08:30:00,37.75
209,3475.0,2017-09-26 08:00:00,15.18,26/09/2017,S1,2017-09-26 08:00:00,2,2017-09-26 00:00:00,25,1,2,1,08:00:00,39.375
210,3424.0,2017-09-26 08:30:00,7.85,26/09/2017,S1,2017-09-26 08:30:00,2,2017-09-26 00:00:00,25,2,1,1,08:30:00,39.0
211,2581.0,2017-09-26 08:30:00,16.85,26/09/2017,S1,2017-09-26 08:30:00,2,2017-09-26 00:00:00,25,1,3,1,08:30:00,38.75
212,2567.0,2017-09-26 08:00:00,12.75,26/09/2017,S1,2017-09-26 08:00:00,2,2017-09-26 00:00:00,25,1,1,1,08:00:00,38.75
213,2468.0,2017-09-26 08:30:00,13.67,26/09/2017,S1,2017-09-26 08:30:00,2,2017-09-26 00:00:00,25,2,2,1,08:30:00,38.875
214,2406.0,2017-09-26 08:30:00,11.59,26/09/2017,S1,2017-09-26 08:30:00,2,2017-09-26 00:00:00,25,2,2,1,08:30:00,39.0
215,3652.0,2017-09-25 08:00:00,14.41,25/09/2017,S1,2017-09-25 08:00:00,2,2017-09-25 00:00:00,24,1,3,1,08:00:00,
216,653.0,2017-09-25 08:00:00,14.32,25/09/2017,S1,2017-09-25 08:00:00,2,2017-09-25 00:00:00,24,1,1,1,08:00:00,38.625
217,2623.0,2017-09-25 08:00:00,14.62,25/09/2017,S1,2017-09-25 08:00:00,2,2017-09-25 00:00:00,24,2,2,1,08:00:00,38.5
218,2624.0,2017-09-25 08:30:00,13.51,25/09/2017,S1,2017-09-25 08:30:00,2,2017-09-25 00:00:00,24,2,3,1,08:30:00,36.375
219,2662.0,2017-09-25 08:00:00,12.33,25/09/2017,S1,2017-09-25 08:00:00,2,2017-09-25 00:00:00,24,2,1,1,08:00:00,38.875
220,4498.0,2017-09-25 08:00:00,14.27,25/09/2017,S1,2017-09-25 08:00:00,2,2017-09-25 00:00:00,24,1,1,1,08:00:00,38.625
221,4448.0,2017-09-25 08:00:00,13.08,25/09/2017,S1,2017-09-25 08:00:00,2,2017-09-25 00:00:00,24,1,3,1,08:00:00,38.75
222,4412.0,2017-09-25 08:00:00,9.19,25/09/2017,S1,2017-09-25 08:00:00,2,2017-09-25 00:00:00,24,1,2,1,08:00:00,38.625
223,4421.0,2017-09-25 08:30:00,8.49,25/09/2017,S1,2017-09-25 08:30:00,2,2017-09-25 00:00:00,24,2,3,1,08:30:00,38.75
224,4021.0,2017-09-25 08:30:00,13.91,25/09/2017,S1,2017-09-25 08:30:00,2,2017-09-25 00:00:00,24,2,1,1,08:30:00,39.125
225,3579.0,2017-09-25 08:00:00,13.38,25/09/2017,S1,2017-09-25 08:00:00,2,2017-09-25 00:00:00,24,1,2,1,08:00:00,39.5
226,3500.0,2017-09-25 08:30:00,14.96,25/09/2017,S1,2017-09-25 08:30:00,2,2017-09-25 00:00:00,24,2,3,1,08:30:00,38.375
227,3475.0,2017-09-25 08:00:00,15.68,25/09/2017,S1,2017-09-25 08:00:00,2,2017-09-25 00:00:00,24,1,2,1,08:00:00,39.0
228,3424.0,2017-09-25 08:30:00,7.88,25/09/2017,S1,2017-09-25 08:30:00,2,2017-09-25 00:00:00,24,2,1,1,08:30:00,39.125
229,2581.0,2017-09-25 08:00:00,16.57,25/09/2017,S1,2017-09-25 08:00:00,2,2017-09-25 00:00:00,24,1,3,1,08:00:00,38.875
230,2567.0,2017-09-25 08:00:00,12.9,25/09/2017,S1,2017-09-25 08:00:00,2,2017-09-25 00:00:00,24,1,1,1,08:00:00,39.0
231,2468.0,2017-09-25 08:00:00,14.15,25/09/2017,S1,2017-09-25 08:00:00,2,2017-09-25 00:00:00,24,2,2,1,08:00:00,38.75
232,2406.0,2017-09-25 08:30:00,10.59,25/09/2017,S1,2017-09-25 08:30:00,2,2017-09-25 00:00:00,24,2,2,1,08:30:00,38.875
233,3652.0,2017-09-24 07:30:00,14.47,24/09/2017,S1,2017-09-24 07:30:00,2,2017-09-24 00:00:00,23,1,3,1,07:30:00,
234,653.0,2017-09-24 08:00:00,13.42,24/09/2017,S1,2017-09-24 08:00:00,2,2017-09-24 00:00:00,23,1,1,1,08:00:00,38.5
235,2623.0,2017-09-24 08:00:00,14.37,24/09/2017,S1,2017-09-24 08:00:00,2,2017-09-24 00:00:00,23,2,2,1,08:00:00,38.625
236,2624.0,2017-09-24 08:00:00,11.58,24/09/2017,S1,2017-09-24 08:00:00,2,2017-09-24 00:00:00,23,2,3,1,08:00:00,38.875
237,4498.0,2017-09-24 08:00:00,13.48,24/09/2017,S1,2017-09-24 08:00:00,2,2017-09-24 00:00:00,23,1,1,1,08:00:00,38.5
238,4448.0,2017-09-24 07:30:00,13.34,24/09/2017,S1,2017-09-24 07:30:00,2,2017-09-24 00:00:00,23,1,3,1,07:30:00,38.5
239,4412.0,2017-09-24 07:30:00,10.13,24/09/2017,S1,2017-09-24 07:30:00,2,2017-09-24 00:00:00,23,1,2,1,07:30:00,38.5
240,4421.0,2017-09-24 08:30:00,7.46,24/09/2017,S1,2017-09-24 08:30:00,2,2017-09-24 00:00:00,23,2,3,1,08:30:00,38.5
241,4021.0,2017-09-24 08:00:00,13.85,24/09/2017,S1,2017-09-24 08:00:00,2,2017-09-24 00:00:00,23,2,1,1,08:00:00,39.0
242,3579.0,2017-09-24 08:00:00,13.41,24/09/2017,S1,2017-09-24 08:00:00,2,2017-09-24 00:00:00,23,1,2,1,08:00:00,39.125
243,3500.0,2017-09-24 08:00:00,14.23,24/09/2017,S1,2017-09-24 08:00:00,2,2017-09-24 00:00:00,23,2,3,1,08:00:00,38.625
244,3475.0,2017-09-24 07:30:00,16.34,24/09/2017,S1,2017-09-24 07:30:00,2,2017-09-24 00:00:00,23,1,2,1,07:30:00,39.0
245,3424.0,2017-09-24 08:00:00,6.19,24/09/2017,S1,2017-09-24 08:00:00,2,2017-09-24 00:00:00,23,2,1,1,08:00:00,39.125
246,2581.0,2017-09-24 08:00:00,17.6,24/09/2017,S1,2017-09-24 08:00:00,2,2017-09-24 00:00:00,23,1,3,1,08:00:00,38.625
247,2567.0,2017-09-24 08:00:00,12.83,24/09/2017,S1,2017-09-24 08:00:00,2,2017-09-24 00:00:00,23,1,1,1,08:00:00,38.625
248,2468.0,2017-09-24 08:00:00,13.59,24/09/2017,S1,2017-09-24 08:00:00,2,2017-09-24 00:00:00,23,2,2,1,08:00:00,38.75
249,2406.0,2017-09-24 08:30:00,10.38,24/09/2017,S1,2017-09-24 08:30:00,2,2017-09-24 00:00:00,23,2,2,1,08:30:00,39.0
250,3652.0,2017-09-23 08:00:00,14.78,23/09/2017,S1,2017-09-23 08:00:00,2,2017-09-23 00:00:00,22,1,3,1,08:00:00,38.625
251,653.0,2017-09-23 08:00:00,14.59,23/09/2017,S1,2017-09-23 08:00:00,2,2017-09-23 00:00:00,22,1,1,1,08:00:00,38.5
252,2623.0,2017-09-23 08:30:00,15.74,23/09/2017,S1,2017-09-23 08:30:00,2,2017-09-23 00:00:00,22,2,2,1,08:30:00,38.875
253,2624.0,2017-09-23 08:30:00,9.13,23/09/2017,S1,2017-09-23 08:30:00,2,2017-09-23 00:00:00,22,2,3,1,08:30:00,
254,2662.0,2017-09-23 08:00:00,11.5,23/09/2017,S1,2017-09-23 08:00:00,2,2017-09-23 00:00:00,22,2,1,1,08:00:00,38.875
255,4498.0,2017-09-23 08:00:00,12.67,23/09/2017,S1,2017-09-23 08:00:00,2,2017-09-23 00:00:00,22,1,1,1,08:00:00,38.625
256,4448.0,2017-09-23 08:00:00,14.3,23/09/2017,S1,2017-09-23 08:00:00,2,2017-09-23 00:00:00,22,1,3,1,08:00:00,38.875
257,4412.0,2017-09-23 08:00:00,9.63,23/09/2017,S1,2017-09-23 08:00:00,2,2017-09-23 00:00:00,22,1,2,1,08:00:00,38.5
258,4421.0,2017-09-23 08:00:00,7.88,23/09/2017,S1,2017-09-23 08:00:00,2,2017-09-23 00:00:00,22,2,3,1,08:00:00,38.625
259,4021.0,2017-09-23 08:30:00,14.59,23/09/2017,S1,2017-09-23 08:30:00,2,2017-09-23 00:00:00,22,2,1,1,08:30:00,39.25
260,3579.0,2017-09-23 08:00:00,12.97,23/09/2017,S1,2017-09-23 08:00:00,2,2017-09-23 00:00:00,22,1,2,1,08:00:00,38.875
261,3500.0,2017-09-23 08:30:00,14.64,23/09/2017,S1,2017-09-23 08:30:00,2,2017-09-23 00:00:00,22,2,3,1,08:30:00,38.625
262,3475.0,2017-09-23 08:00:00,14.76,23/09/2017,S1,2017-09-23 08:00:00,2,2017-09-23 00:00:00,22,1,2,1,08:00:00,39.0
263,3424.0,2017-09-23 08:30:00,7.93,23/09/2017,S1,2017-09-23 08:30:00,2,2017-09-23 00:00:00,22,2,1,1,08:30:00,39.375
264,2581.0,2017-09-23 08:00:00,18.72,23/09/2017,S1,2017-09-23 08:00:00,2,2017-09-23 00:00:00,22,1,3,1,08:00:00,38.75
265,2567.0,2017-09-23 08:00:00,13.66,23/09/2017,S1,2017-09-23 08:00:00,2,2017-09-23 00:00:00,22,1,1,1,08:00:00,38.75
266,2468.0,2017-09-23 08:30:00,14.97,23/09/2017,S1,2017-09-23 08:30:00,2,2017-09-23 00:00:00,22,2,2,1,08:30:00,
267,2406.0,2017-09-23 08:00:00,9.7,23/09/2017,S1,2017-09-23 08:00:00,2,2017-09-23 00:00:00,22,2,2,1,08:00:00,38.5
268,3652.0,2017-09-21 08:00:00,13.67,21/09/2017,S1,2017-09-21 08:00:00,2,2017-09-21 00:00:00,20,1,3,1,08:00:00,38.625
269,653.0,2017-09-21 08:00:00,13.67,21/09/2017,S1,2017-09-21 08:00:00,2,2017-09-21 00:00:00,20,1,1,1,08:00:00,34.5
270,2623.0,2017-09-21 08:30:00,14.75,21/09/2017,S1,2017-09-21 08:30:00,2,2017-09-21 00:00:00,20,2,2,1,08:30:00,38.625
271,2624.0,2017-09-21 08:30:00,19.66,21/09/2017,S1,2017-09-21 08:30:00,2,2017-09-21 00:00:00,20,2,3,1,08:30:00,38.5
272,2662.0,2017-09-21 08:00:00,9.0,21/09/2017,S1,2017-09-21 08:00:00,2,2017-09-21 00:00:00,20,2,1,1,08:00:00,39.0
273,4498.0,2017-09-21 08:00:00,12.99,21/09/2017,S1,2017-09-21 08:00:00,2,2017-09-21 00:00:00,20,1,1,1,08:00:00,39.25
274,4448.0,2017-09-21 08:30:00,13.52,21/09/2017,S1,2017-09-21 08:30:00,2,2017-09-21 00:00:00,20,1,3,1,08:30:00,38.75
275,4412.0,2017-09-21 08:30:00,10.42,21/09/2017,S1,2017-09-21 08:30:00,2,2017-09-21 00:00:00,20,1,2,1,08:30:00,38.625
276,4421.0,2017-09-21 08:30:00,8.73,21/09/2017,S1,2017-09-21 08:30:00,2,2017-09-21 00:00:00,20,2,3,1,08:30:00,38.75
277,4021.0,2017-09-21 08:30:00,24.32,21/09/2017,S1,2017-09-21 08:30:00,2,2017-09-21 00:00:00,20,2,1,1,08:30:00,38.875
278,3579.0,2017-09-21 08:00:00,12.88,21/09/2017,S1,2017-09-21 08:00:00,2,2017-09-21 00:00:00,20,1,2,1,08:00:00,39.375
279,3500.0,2017-09-21 08:30:00,14.2,21/09/2017,S1,2017-09-21 08:30:00,2,2017-09-21 00:00:00,20,2,3,1,08:30:00,38.75
280,3475.0,2017-09-21 08:00:00,14.57,21/09/2017,S1,2017-09-21 08:00:00,2,2017-09-21 00:00:00,20,1,2,1,08:00:00,38.75
281,3424.0,2017-09-21 08:30:00,6.84,21/09/2017,S1,2017-09-21 08:30:00,2,2017-09-21 00:00:00,20,2,1,1,08:30:00,38.875
282,2581.0,2017-09-21 08:00:00,16.9,21/09/2017,S1,2017-09-21 08:00:00,2,2017-09-21 00:00:00,20,1,3,1,08:00:00,38.75
283,2567.0,2017-09-21 08:00:00,14.16,21/09/2017,S1,2017-09-21 08:00:00,2,2017-09-21 00:00:00,20,1,1,1,08:00:00,
284,2468.0,2017-09-21 08:30:00,14.21,21/09/2017,S1,2017-09-21 08:30:00,2,2017-09-21 00:00:00,20,2,2,1,08:30:00,38.75
285,2406.0,2017-09-21 08:30:00,23.16,21/09/2017,S1,2017-09-21 08:30:00,2,2017-09-21 00:00:00,20,2,2,1,08:30:00,38.75
286,4426.0,2017-07-20 07:30:00,10.37,20/07/2017,S1,2017-07-20 07:30:00,1,2017-07-20 00:00:00,12,1,1,0,07:30:00,
287,2648.0,2017-07-20 07:30:00,17.47,20/07/2017,S1,2017-07-20 07:30:00,1,2017-07-20 00:00:00,12,1,2,0,07:30:00,
288,4477.0,2017-07-20 08:00:00,12.33,20/07/2017,S1,2017-07-20 08:00:00,1,2017-07-20 00:00:00,12,2,3,0,08:00:00,
289,4475.0,2017-07-20 08:00:00,12.75,20/07/2017,S1,2017-07-20 08:00:00,1,2017-07-20 00:00:00,12,2,3,0,08:00:00,
290,4465.0,2017-07-20 08:00:00,14.38,20/07/2017,S1,2017-07-20 08:00:00,1,2017-07-20 00:00:00,12,1,3,0,08:00:00,38.875
291,3530.0,2017-07-20 07:30:00,13.43,20/07/2017,S1,2017-07-20 07:30:00,1,2017-07-20 00:00:00,12,1,1,0,07:30:00,38.625
292,3458.0,2017-07-20 07:30:00,9.9,20/07/2017,S1,2017-07-20 07:30:00,1,2017-07-20 00:00:00,12,1,3,0,07:30:00,38.625
293,3437.0,2017-07-20 08:00:00,13.46,20/07/2017,S1,2017-07-20 08:00:00,1,2017-07-20 00:00:00,12,2,1,0,08:00:00,
294,2560.0,2017-07-20 08:00:00,14.75,20/07/2017,S1,2017-07-20 08:00:00,1,2017-07-20 00:00:00,12,2,2,0,08:00:00,
295,2416.0,2017-07-20 08:00:00,18.68,20/07/2017,S1,2017-07-20 08:00:00,1,2017-07-20 00:00:00,12,2,2,0,08:00:00,
296,3644.0,2017-07-20 07:30:00,12.6,20/07/2017,S1,2017-07-20 07:30:00,1,2017-07-20 00:00:00,12,1,1,0,07:30:00,38.875
297,3785.0,2017-07-20 08:00:00,16.26,20/07/2017,S1,2017-07-20 08:00:00,1,2017-07-20 00:00:00,12,2,1,0,08:00:00,
298,2710.0,2017-07-20 07:30:00,10.81,20/07/2017,S1,2017-07-20 07:30:00,1,2017-07-20 00:00:00,12,1,3,0,07:30:00,
299,3600.0,2017-07-20 07:30:00,13.88,20/07/2017,S1,2017-07-20 07:30:00,1,2017-07-20 00:00:00,12,1,2,0,07:30:00,
300,4453.0,2017-07-20 08:00:00,11.73,20/07/2017,S1,2017-07-20 08:00:00,1,2017-07-20 00:00:00,12,2,2,0,08:00:00,
301,3460.0,2017-07-20 07:30:00,18.23,20/07/2017,S1,2017-07-20 07:30:00,1,2017-07-20 00:00:00,12,1,2,0,07:30:00,39.125
302,2483.0,2017-07-20 08:00:00,13.93,20/07/2017,S1,2017-07-20 08:00:00,1,2017-07-20 00:00:00,12,2,3,0,08:00:00,
303,2431.0,2017-07-20 08:00:00,16.72,20/07/2017,S1,2017-07-20 08:00:00,1,2017-07-20 00:00:00,12,2,1,0,08:00:00,
304,3652.0,2017-09-22 16:00:00,6.63,22/09/2017,S2,2017-09-22 16:00:00,2,2017-09-22 00:00:00,21,1,3,1,16:00:00,39.25
305,2623.0,2017-09-22 16:00:00,8.15,22/09/2017,S2,2017-09-22 16:00:00,2,2017-09-22 00:00:00,21,2,2,1,16:00:00,39.125
306,2624.0,2017-09-22 16:00:00,9.66,22/09/2017,S2,2017-09-22 16:00:00,2,2017-09-22 00:00:00,21,2,3,1,16:00:00,39.0
307,4448.0,2017-09-22 16:00:00,6.71,22/09/2017,S2,2017-09-22 16:00:00,2,2017-09-22 00:00:00,21,1,3,1,16:00:00,38.875
308,4412.0,2017-09-22 15:30:00,5.21,22/09/2017,S2,2017-09-22 15:30:00,2,2017-09-22 00:00:00,21,1,2,1,15:30:00,38.75
309,4421.0,2017-09-22 16:00:00,3.64,22/09/2017,S2,2017-09-22 16:00:00,2,2017-09-22 00:00:00,21,2,3,1,16:00:00,39.0
310,3579.0,2017-09-22 15:30:00,7.21,22/09/2017,S2,2017-09-22 15:30:00,2,2017-09-22 00:00:00,21,1,2,1,15:30:00,39.125
311,3500.0,2017-09-22 16:00:00,6.79,22/09/2017,S2,2017-09-22 16:00:00,2,2017-09-22 00:00:00,21,2,3,1,16:00:00,39.375
312,3475.0,2017-09-22 15:30:00,8.47,22/09/2017,S2,2017-09-22 15:30:00,2,2017-09-22 00:00:00,21,1,2,1,15:30:00,39.5
313,2581.0,2017-09-22 16:00:00,7.35,22/09/2017,S2,2017-09-22 16:00:00,2,2017-09-22 00:00:00,21,1,3,1,16:00:00,39.25
314,2468.0,2017-09-22 15:30:00,5.86,22/09/2017,S2,2017-09-22 15:30:00,2,2017-09-22 00:00:00,21,2,2,1,15:30:00,39.0
315,2406.0,2017-09-22 16:00:00,5.93,22/09/2017,S2,2017-09-22 16:00:00,2,2017-09-22 00:00:00,21,2,2,1,16:00:00,39.25
316,3652.0,2017-09-16 15:30:00,6.21,16/09/2017,S2,2017-09-16 15:30:00,2,2017-09-16 00:00:00,15,1,3,1,15:30:00,39.125
317,653.0,2017-09-16 17:00:00,7.98,16/09/2017,S2,2017-09-16 17:00:00,2,2017-09-16 00:00:00,15,1,1,1,17:00:00,39.0
318,2623.0,2017-09-16 15:30:00,7.39,16/09/2017,S2,2017-09-16 15:30:00,2,2017-09-16 00:00:00,15,2,2,1,15:30:00,38.875
319,2624.0,2017-09-16 15:30:00,10.55,16/09/2017,S2,2017-09-16 15:30:00,2,2017-09-16 00:00:00,15,2,3,1,15:30:00,39.375
320,4498.0,2017-09-16 17:00:00,8.76,16/09/2017,S2,2017-09-16 17:00:00,2,2017-09-16 00:00:00,15,1,1,1,17:00:00,39.625
321,4448.0,2017-09-16 15:30:00,7.05,16/09/2017,S2,2017-09-16 15:30:00,2,2017-09-16 00:00:00,15,1,3,1,15:30:00,39.0
322,4412.0,2017-09-16 15:30:00,5.85,16/09/2017,S2,2017-09-16 15:30:00,2,2017-09-16 00:00:00,15,1,2,1,15:30:00,39.125
323,4421.0,2017-09-16 15:30:00,4.45,16/09/2017,S2,2017-09-16 15:30:00,2,2017-09-16 00:00:00,15,2,3,1,15:30:00,39.375
324,4021.0,2017-09-16 17:00:00,8.42,16/09/2017,S2,2017-09-16 17:00:00,2,2017-09-16 00:00:00,15,2,1,1,17:00:00,40.0
325,3579.0,2017-09-16 15:30:00,5.1,16/09/2017,S2,2017-09-16 15:30:00,2,2017-09-16 00:00:00,15,1,2,1,15:30:00,39.375
326,3500.0,2017-09-16 15:30:00,6.8,16/09/2017,S2,2017-09-16 15:30:00,2,2017-09-16 00:00:00,15,2,3,1,15:30:00,38.875
327,3475.0,2017-09-16 15:30:00,7.24,16/09/2017,S2,2017-09-16 15:30:00,2,2017-09-16 00:00:00,15,1,2,1,15:30:00,39.75
328,3424.0,2017-09-16 17:00:00,6.66,16/09/2017,S2,2017-09-16 17:00:00,2,2017-09-16 00:00:00,15,2,1,1,17:00:00,39.375
329,2581.0,2017-09-16 15:30:00,7.32,16/09/2017,S2,2017-09-16 15:30:00,2,2017-09-16 00:00:00,15,1,3,1,15:30:00,39.25
330,2468.0,2017-09-16 15:30:00,6.36,16/09/2017,S2,2017-09-16 15:30:00,2,2017-09-16 00:00:00,15,2,2,1,15:30:00,39.125
331,3652.0,2017-09-15 15:30:00,6.94,15/09/2017,S2,2017-09-15 15:30:00,2,2017-09-15 00:00:00,14,1,3,1,15:30:00,38.875
332,653.0,2017-09-15 17:00:00,9.25,15/09/2017,S2,2017-09-15 17:00:00,2,2017-09-15 00:00:00,14,1,1,1,17:00:00,39.0
333,2623.0,2017-09-15 16:00:00,7.76,15/09/2017,S2,2017-09-15 16:00:00,2,2017-09-15 00:00:00,14,2,2,1,16:00:00,39.0
334,2624.0,2017-09-15 16:00:00,11.38,15/09/2017,S2,2017-09-15 16:00:00,2,2017-09-15 00:00:00,14,2,3,1,16:00:00,39.0
335,2662.0,2017-09-15 17:00:00,7.81,15/09/2017,S2,2017-09-15 17:00:00,2,2017-09-15 00:00:00,14,2,1,1,17:00:00,41.0
336,4498.0,2017-09-15 17:00:00,7.37,15/09/2017,S2,2017-09-15 17:00:00,2,2017-09-15 00:00:00,14,1,1,1,17:00:00,40.0
337,4448.0,2017-09-15 15:30:00,6.13,15/09/2017,S2,2017-09-15 15:30:00,2,2017-09-15 00:00:00,14,1,3,1,15:30:00,38.875
338,4412.0,2017-09-15 15:30:00,5.2,15/09/2017,S2,2017-09-15 15:30:00,2,2017-09-15 00:00:00,14,1,2,1,15:30:00,39.25
339,4421.0,2017-09-15 16:00:00,3.38,15/09/2017,S2,2017-09-15 16:00:00,2,2017-09-15 00:00:00,14,2,3,1,16:00:00,39.25
340,4021.0,2017-09-15 16:00:00,6.83,15/09/2017,S2,2017-09-15 16:00:00,2,2017-09-15 00:00:00,14,2,1,1,16:00:00,39.875
341,3579.0,2017-09-15 15:30:00,7.23,15/09/2017,S2,2017-09-15 15:30:00,2,2017-09-15 00:00:00,14,1,2,1,15:30:00,39.125
342,3500.0,2017-09-15 16:00:00,7.29,15/09/2017,S2,2017-09-15 16:00:00,2,2017-09-15 00:00:00,14,2,3,1,16:00:00,38.875
343,3475.0,2017-09-15 15:30:00,6.92,15/09/2017,S2,2017-09-15 15:30:00,2,2017-09-15 00:00:00,14,1,2,1,15:30:00,
344,3424.0,2017-09-15 16:00:00,6.22,15/09/2017,S2,2017-09-15 16:00:00,2,2017-09-15 00:00:00,14,2,1,1,16:00:00,38.875
345,2581.0,2017-09-15 15:30:00,8.45,15/09/2017,S2,2017-09-15 15:30:00,2,2017-09-15 00:00:00,14,1,3,1,15:30:00,39.5
346,2567.0,2017-09-15 15:30:00,9.77,15/09/2017,S2,2017-09-15 15:30:00,2,2017-09-15 00:00:00,14,1,1,1,15:30:00,39.0
347,2468.0,2017-09-15 16:00:00,6.65,15/09/2017,S2,2017-09-15 16:00:00,2,2017-09-15 00:00:00,14,2,2,1,16:00:00,39.0
348,2406.0,2017-09-15 16:00:00,6.66,15/09/2017,S2,2017-09-15 16:00:00,2,2017-09-15 00:00:00,14,2,2,1,16:00:00,39.125
349,3652.0,2017-09-19 15:30:00,7.62,19/09/2017,S2,2017-09-19 15:30:00,2,2017-09-19 00:00:00,18,1,3,1,15:30:00,39.375
350,2624.0,2017-09-19 16:00:00,8.94,19/09/2017,S2,2017-09-19 16:00:00,2,2017-09-19 00:00:00,18,2,3,1,16:00:00,39.0
351,4448.0,2017-09-19 15:30:00,6.91,19/09/2017,S2,2017-09-19 15:30:00,2,2017-09-19 00:00:00,18,1,3,1,15:30:00,39.0
352,4412.0,2017-09-19 15:30:00,6.12,19/09/2017,S2,2017-09-19 15:30:00,2,2017-09-19 00:00:00,18,1,2,1,15:30:00,38.75
353,4421.0,2017-09-19 16:00:00,3.76,19/09/2017,S2,2017-09-19 16:00:00,2,2017-09-19 00:00:00,18,2,3,1,16:00:00,39.125
354,4021.0,2017-09-19 17:00:00,8.26,19/09/2017,S2,2017-09-19 17:00:00,2,2017-09-19 00:00:00,18,2,1,1,17:00:00,40.375
355,3579.0,2017-09-19 15:30:00,7.69,19/09/2017,S2,2017-09-19 15:30:00,2,2017-09-19 00:00:00,18,1,2,1,15:30:00,39.625
356,3500.0,2017-09-19 16:00:00,7.05,19/09/2017,S2,2017-09-19 16:00:00,2,2017-09-19 00:00:00,18,2,3,1,16:00:00,39.25
357,3475.0,2017-09-19 15:30:00,8.03,19/09/2017,S2,2017-09-19 15:30:00,2,2017-09-19 00:00:00,18,1,2,1,15:30:00,39.625
358,2581.0,2017-09-19 16:00:00,8.83,19/09/2017,S2,2017-09-19 16:00:00,2,2017-09-19 00:00:00,18,1,3,1,16:00:00,39.375
359,2567.0,2017-09-19 17:00:00,9.54,19/09/2017,S2,2017-09-19 17:00:00,2,2017-09-19 00:00:00,18,1,1,1,17:00:00,
360,2468.0,2017-09-19 16:00:00,6.41,19/09/2017,S2,2017-09-19 16:00:00,2,2017-09-19 00:00:00,18,2,2,1,16:00:00,38.875
361,2406.0,2017-09-19 16:00:00,5.72,19/09/2017,S2,2017-09-19 16:00:00,2,2017-09-19 00:00:00,18,2,2,1,16:00:00,39.125
362,3652.0,2017-09-17 15:30:00,6.51,17/09/2017,S2,2017-09-17 15:30:00,2,2017-09-17 00:00:00,16,1,3,1,15:30:00,39.125
363,2623.0,2017-09-17 15:30:00,7.89,17/09/2017,S2,2017-09-17 15:30:00,2,2017-09-17 00:00:00,16,2,2,1,15:30:00,38.875
364,2624.0,2017-09-17 15:30:00,10.8,17/09/2017,S2,2017-09-17 15:30:00,2,2017-09-17 00:00:00,16,2,3,1,15:30:00,39.125
365,4448.0,2017-09-17 15:30:00,6.54,17/09/2017,S2,2017-09-17 15:30:00,2,2017-09-17 00:00:00,16,1,3,1,15:30:00,38.875
366,4412.0,2017-09-17 15:30:00,5.26,17/09/2017,S2,2017-09-17 15:30:00,2,2017-09-17 00:00:00,16,1,2,1,15:30:00,39.0
367,4421.0,2017-09-17 15:30:00,3.86,17/09/2017,S2,2017-09-17 15:30:00,2,2017-09-17 00:00:00,16,2,3,1,15:30:00,39.25
368,3579.0,2017-09-17 15:30:00,6.47,17/09/2017,S2,2017-09-17 15:30:00,2,2017-09-17 00:00:00,16,1,2,1,15:30:00,39.5
369,3500.0,2017-09-17 15:30:00,7.11,17/09/2017,S2,2017-09-17 15:30:00,2,2017-09-17 00:00:00,16,2,3,1,15:30:00,38.75
370,3475.0,2017-09-17 15:30:00,7.28,17/09/2017,S2,2017-09-17 15:30:00,2,2017-09-17 00:00:00,16,1,2,1,15:30:00,39.25
371,2581.0,2017-09-17 15:30:00,8.04,17/09/2017,S2,2017-09-17 15:30:00,2,2017-09-17 00:00:00,16,1,3,1,15:30:00,39.375
372,2468.0,2017-09-17 15:30:00,6.65,17/09/2017,S2,2017-09-17 15:30:00,2,2017-09-17 00:00:00,16,2,2,1,15:30:00,39.25
373,2406.0,2017-09-17 15:30:00,6.29,17/09/2017,S2,2017-09-17 15:30:00,2,2017-09-17 00:00:00,16,2,2,1,15:30:00,38.875
374,3652.0,2017-09-20 16:00:00,5.63,20/09/2017,S2,2017-09-20 16:00:00,2,2017-09-20 00:00:00,19,1,3,1,16:00:00,38.75
375,653.0,2017-09-20 17:00:00,8.89,20/09/2017,S2,2017-09-20 17:00:00,2,2017-09-20 00:00:00,19,1,1,1,17:00:00,39.375
376,2623.0,2017-09-20 16:00:00,7.85,20/09/2017,S2,2017-09-20 16:00:00,2,2017-09-20 00:00:00,19,2,2,1,16:00:00,38.875
377,2624.0,2017-09-20 16:00:00,8.79,20/09/2017,S2,2017-09-20 16:00:00,2,2017-09-20 00:00:00,19,2,3,1,16:00:00,39.125
378,4448.0,2017-09-20 16:00:00,6.95,20/09/2017,S2,2017-09-20 16:00:00,2,2017-09-20 00:00:00,19,1,3,1,16:00:00,39.0
379,4412.0,2017-09-20 16:00:00,5.4,20/09/2017,S2,2017-09-20 16:00:00,2,2017-09-20 00:00:00,19,1,2,1,16:00:00,38.875
380,4421.0,2017-09-20 16:00:00,4.64,20/09/2017,S2,2017-09-20 16:00:00,2,2017-09-20 00:00:00,19,2,3,1,16:00:00,38.75
381,4021.0,2017-09-20 17:00:00,6.2,20/09/2017,S2,2017-09-20 17:00:00,2,2017-09-20 00:00:00,19,2,1,1,17:00:00,40.125
382,3579.0,2017-09-20 16:00:00,6.86,20/09/2017,S2,2017-09-20 16:00:00,2,2017-09-20 00:00:00,19,1,2,1,16:00:00,39.25
383,3500.0,2017-09-20 16:00:00,6.52,20/09/2017,S2,2017-09-20 16:00:00,2,2017-09-20 00:00:00,19,2,3,1,16:00:00,38.875
384,3475.0,2017-09-20 16:00:00,8.13,20/09/2017,S2,2017-09-20 16:00:00,2,2017-09-20 00:00:00,19,1,2,1,16:00:00,39.25
385,2581.0,2017-09-20 16:00:00,7.47,20/09/2017,S2,2017-09-20 16:00:00,2,2017-09-20 00:00:00,19,1,3,1,16:00:00,39.0
386,2468.0,2017-09-20 16:00:00,5.85,20/09/2017,S2,2017-09-20 16:00:00,2,2017-09-20 00:00:00,19,2,2,1,16:00:00,38.5
387,2406.0,2017-09-20 16:00:00,5.74,20/09/2017,S2,2017-09-20 16:00:00,2,2017-09-20 00:00:00,19,2,2,1,16:00:00,38.875
388,3652.0,2017-09-18 15:30:00,6.47,18/09/2017,S2,2017-09-18 15:30:00,2,2017-09-18 00:00:00,17,1,3,1,15:30:00,39.125
389,2623.0,2017-09-18 15:30:00,7.46,18/09/2017,S2,2017-09-18 15:30:00,2,2017-09-18 00:00:00,17,2,2,1,15:30:00,39.125
390,2624.0,2017-09-18 16:00:00,9.42,18/09/2017,S2,2017-09-18 16:00:00,2,2017-09-18 00:00:00,17,2,3,1,16:00:00,39.0
391,4498.0,2017-09-18 17:00:00,8.48,18/09/2017,S2,2017-09-18 17:00:00,2,2017-09-18 00:00:00,17,1,1,1,17:00:00,39.625
392,4448.0,2017-09-18 15:30:00,6.43,18/09/2017,S2,2017-09-18 15:30:00,2,2017-09-18 00:00:00,17,1,3,1,15:30:00,39.0
393,4412.0,2017-09-18 15:30:00,4.99,18/09/2017,S2,2017-09-18 15:30:00,2,2017-09-18 00:00:00,17,1,2,1,15:30:00,39.0
394,4421.0,2017-09-18 16:00:00,4.19,18/09/2017,S2,2017-09-18 16:00:00,2,2017-09-18 00:00:00,17,2,3,1,16:00:00,39.375
395,4021.0,2017-09-18 17:00:00,17.78,18/09/2017,S2,2017-09-18 17:00:00,2,2017-09-18 00:00:00,17,2,1,1,17:00:00,39.875
396,3579.0,2017-09-18 15:30:00,6.8,18/09/2017,S2,2017-09-18 15:30:00,2,2017-09-18 00:00:00,17,1,2,1,15:30:00,39.625
397,3500.0,2017-09-18 16:00:00,6.82,18/09/2017,S2,2017-09-18 16:00:00,2,2017-09-18 00:00:00,17,2,3,1,16:00:00,38.75
398,3475.0,2017-09-18 15:30:00,7.24,18/09/2017,S2,2017-09-18 15:30:00,2,2017-09-18 00:00:00,17,1,2,1,15:30:00,39.375
399,3424.0,2017-09-18 17:00:00,6.41,18/09/2017,S2,2017-09-18 17:00:00,2,2017-09-18 00:00:00,17,2,1,1,17:00:00,39.375
400,2581.0,2017-09-18 15:30:00,7.55,18/09/2017,S2,2017-09-18 15:30:00,2,2017-09-18 00:00:00,17,1,3,1,15:30:00,39.25
401,2567.0,2017-09-18 17:00:00,9.49,18/09/2017,S2,2017-09-18 17:00:00,2,2017-09-18 00:00:00,17,1,1,1,17:00:00,39.125
402,2468.0,2017-09-18 16:00:00,6.21,18/09/2017,S2,2017-09-18 16:00:00,2,2017-09-18 00:00:00,17,2,2,1,16:00:00,38.75
403,2406.0,2017-09-18 15:30:00,5.3,18/09/2017,S2,2017-09-18 15:30:00,2,2017-09-18 00:00:00,17,2,2,1,15:30:00,39.125
404,3652.0,2017-09-14 15:30:00,5.46,14/09/2017,S2,2017-09-14 15:30:00,2,2017-09-14 00:00:00,13,1,3,0,15:30:00,38.75
405,653.0,2017-09-14 15:30:00,7.34,14/09/2017,S2,2017-09-14 15:30:00,2,2017-09-14 00:00:00,13,1,1,0,15:30:00,39.125
406,2623.0,2017-09-14 15:30:00,7.31,14/09/2017,S2,2017-09-14 15:30:00,2,2017-09-14 00:00:00,13,2,2,0,15:30:00,39.0
407,2624.0,2017-09-14 15:30:00,9.62,14/09/2017,S2,2017-09-14 15:30:00,2,2017-09-14 00:00:00,13,2,3,0,15:30:00,39.5
408,2662.0,2017-09-14 15:30:00,6.31,14/09/2017,S2,2017-09-14 15:30:00,2,2017-09-14 00:00:00,13,2,1,0,15:30:00,38.5
409,4498.0,2017-09-14 15:30:00,6.93,14/09/2017,S2,2017-09-14 15:30:00,2,2017-09-14 00:00:00,13,1,1,0,15:30:00,39.875
410,4448.0,2017-09-14 15:30:00,8.01,14/09/2017,S2,2017-09-14 15:30:00,2,2017-09-14 00:00:00,13,1,3,0,15:30:00,39.125
411,4412.0,2017-09-14 15:30:00,4.96,14/09/2017,S2,2017-09-14 15:30:00,2,2017-09-14 00:00:00,13,1,2,0,15:30:00,38.875
412,4021.0,2017-09-14 15:30:00,6.09,14/09/2017,S2,2017-09-14 15:30:00,2,2017-09-14 00:00:00,13,2,1,0,15:30:00,39.625
413,3579.0,2017-09-14 15:30:00,6.53,14/09/2017,S2,2017-09-14 15:30:00,2,2017-09-14 00:00:00,13,1,2,0,15:30:00,39.375
414,3500.0,2017-09-14 15:30:00,6.2,14/09/2017,S2,2017-09-14 15:30:00,2,2017-09-14 00:00:00,13,2,3,0,15:30:00,39.0
415,3475.0,2017-09-14 15:30:00,5.15,14/09/2017,S2,2017-09-14 15:30:00,2,2017-09-14 00:00:00,13,1,2,0,15:30:00,
416,3424.0,2017-09-14 15:30:00,6.03,14/09/2017,S2,2017-09-14 15:30:00,2,2017-09-14 00:00:00,13,2,1,0,15:30:00,38.875
417,2581.0,2017-09-14 15:30:00,13.54,14/09/2017,S2,2017-09-14 15:30:00,2,2017-09-14 00:00:00,13,1,3,0,15:30:00,39.375
418,2567.0,2017-09-14 15:30:00,7.46,14/09/2017,S2,2017-09-14 15:30:00,2,2017-09-14 00:00:00,13,1,1,0,15:30:00,38.75
419,2468.0,2017-09-14 15:30:00,5.36,14/09/2017,S2,2017-09-14 15:30:00,2,2017-09-14 00:00:00,13,2,2,0,15:30:00,39.25
420,2406.0,2017-09-14 15:30:00,7.02,14/09/2017,S2,2017-09-14 15:30:00,2,2017-09-14 00:00:00,13,2,2,0,15:30:00,39.125
421,3652.0,2017-09-13 15:30:00,6.36,13/09/2017,S2,2017-09-13 15:30:00,2,2017-09-13 00:00:00,12,1,3,0,15:30:00,38.875
422,653.0,2017-09-13 15:30:00,13.49,13/09/2017,S2,2017-09-13 15:30:00,2,2017-09-13 00:00:00,12,1,1,0,15:30:00,39.0
423,2623.0,2017-09-13 15:30:00,7.41,13/09/2017,S2,2017-09-13 15:30:00,2,2017-09-13 00:00:00,12,2,2,0,15:30:00,39.0
424,2624.0,2017-09-13 15:30:00,8.87,13/09/2017,S2,2017-09-13 15:30:00,2,2017-09-13 00:00:00,12,2,3,0,15:30:00,39.375
425,2662.0,2017-09-13 15:30:00,6.51,13/09/2017,S2,2017-09-13 15:30:00,2,2017-09-13 00:00:00,12,2,1,0,15:30:00,38.5
426,4498.0,2017-09-13 15:30:00,9.65,13/09/2017,S2,2017-09-13 15:30:00,2,2017-09-13 00:00:00,12,1,1,0,15:30:00,39.75
427,4448.0,2017-09-13 15:30:00,8.01,13/09/2017,S2,2017-09-13 15:30:00,2,2017-09-13 00:00:00,12,1,3,0,15:30:00,39.25
428,4412.0,2017-09-13 15:30:00,4.89,13/09/2017,S2,2017-09-13 15:30:00,2,2017-09-13 00:00:00,12,1,2,0,15:30:00,38.875
429,4421.0,2017-09-13 17:00:00,3.5,13/09/2017,S2,2017-09-13 17:00:00,2,2017-09-13 00:00:00,12,2,3,0,17:00:00,39.125
430,4021.0,2017-09-13 16:00:00,13.34,13/09/2017,S2,2017-09-13 16:00:00,2,2017-09-13 00:00:00,12,2,1,0,16:00:00,39.625
431,3579.0,2017-09-13 15:30:00,8.12,13/09/2017,S2,2017-09-13 15:30:00,2,2017-09-13 00:00:00,12,1,2,0,15:30:00,39.25
432,3500.0,2017-09-13 15:30:00,7.17,13/09/2017,S2,2017-09-13 15:30:00,2,2017-09-13 00:00:00,12,2,3,0,15:30:00,38.875
433,3475.0,2017-09-13 15:30:00,5.89,13/09/2017,S2,2017-09-13 15:30:00,2,2017-09-13 00:00:00,12,1,2,0,15:30:00,
434,3424.0,2017-09-13 15:30:00,5.68,13/09/2017,S2,2017-09-13 15:30:00,2,2017-09-13 00:00:00,12,2,1,0,15:30:00,39.0
435,2581.0,2017-09-13 15:30:00,8.21,13/09/2017,S2,2017-09-13 15:30:00,2,2017-09-13 00:00:00,12,1,3,0,15:30:00,39.375
436,2567.0,2017-09-13 15:30:00,9.03,13/09/2017,S2,2017-09-13 15:30:00,2,2017-09-13 00:00:00,12,1,1,0,15:30:00,39.0
437,2468.0,2017-09-13 15:30:00,6.35,13/09/2017,S2,2017-09-13 15:30:00,2,2017-09-13 00:00:00,12,2,2,0,15:30:00,39.375
438,2406.0,2017-09-13 15:30:00,5.92,13/09/2017,S2,2017-09-13 15:30:00,2,2017-09-13 00:00:00,12,2,2,0,15:30:00,39.0
439,3652.0,2017-09-12 15:30:00,5.52,12/09/2017,S2,2017-09-12 15:30:00,2,2017-09-12 00:00:00,11,1,3,0,15:30:00,
440,653.0,2017-09-12 15:30:00,8.82,12/09/2017,S2,2017-09-12 15:30:00,2,2017-09-12 00:00:00,11,1,1,0,15:30:00,38.25
441,2623.0,2017-09-12 15:30:00,7.52,12/09/2017,S2,2017-09-12 15:30:00,2,2017-09-12 00:00:00,11,2,2,0,15:30:00,39.0
442,2624.0,2017-09-12 16:00:00,14.48,12/09/2017,S2,2017-09-12 16:00:00,2,2017-09-12 00:00:00,11,2,3,0,16:00:00,
443,2662.0,2017-09-12 16:00:00,12.98,12/09/2017,S2,2017-09-12 16:00:00,2,2017-09-12 00:00:00,11,2,1,0,16:00:00,39.125
444,4498.0,2017-09-12 15:30:00,7.31,12/09/2017,S2,2017-09-12 15:30:00,2,2017-09-12 00:00:00,11,1,1,0,15:30:00,39.625
445,4448.0,2017-09-12 15:30:00,6.62,12/09/2017,S2,2017-09-12 15:30:00,2,2017-09-12 00:00:00,11,1,3,0,15:30:00,39.0
446,4412.0,2017-09-12 15:30:00,5.2,12/09/2017,S2,2017-09-12 15:30:00,2,2017-09-12 00:00:00,11,1,2,0,15:30:00,39.0
447,4021.0,2017-09-12 16:00:00,5.47,12/09/2017,S2,2017-09-12 16:00:00,2,2017-09-12 00:00:00,11,2,1,0,16:00:00,
448,3579.0,2017-09-12 15:30:00,6.73,12/09/2017,S2,2017-09-12 15:30:00,2,2017-09-12 00:00:00,11,1,2,0,15:30:00,
449,3500.0,2017-09-12 16:00:00,7.01,12/09/2017,S2,2017-09-12 16:00:00,2,2017-09-12 00:00:00,11,2,3,0,16:00:00,
450,3475.0,2017-09-12 15:30:00,4.84,12/09/2017,S2,2017-09-12 15:30:00,2,2017-09-12 00:00:00,11,1,2,0,15:30:00,
451,3424.0,2017-09-12 16:00:00,5.54,12/09/2017,S2,2017-09-12 16:00:00,2,2017-09-12 00:00:00,11,2,1,0,16:00:00,
452,2581.0,2017-09-12 15:30:00,7.74,12/09/2017,S2,2017-09-12 15:30:00,2,2017-09-12 00:00:00,11,1,3,0,15:30:00,39.125
453,2567.0,2017-09-12 15:30:00,8.97,12/09/2017,S2,2017-09-12 15:30:00,2,2017-09-12 00:00:00,11,1,1,0,15:30:00,
454,2468.0,2017-09-12 15:30:00,6.35,12/09/2017,S2,2017-09-12 15:30:00,2,2017-09-12 00:00:00,11,2,2,0,15:30:00,39.25
455,2406.0,2017-09-12 15:30:00,5.58,12/09/2017,S2,2017-09-12 15:30:00,2,2017-09-12 00:00:00,11,2,2,0,15:30:00,
456,3652.0,2017-09-26 16:00:00,7.33,26/09/2017,S2,2017-09-26 16:00:00,2,2017-09-26 00:00:00,25,1,3,1,16:00:00,
457,2623.0,2017-09-26 16:00:00,8.05,26/09/2017,S2,2017-09-26 16:00:00,2,2017-09-26 00:00:00,25,2,2,1,16:00:00,38.75
458,2624.0,2017-09-26 16:30:00,8.4,26/09/2017,S2,2017-09-26 16:30:00,2,2017-09-26 00:00:00,25,2,3,1,16:30:00,39.125
459,4448.0,2017-09-26 16:00:00,6.91,26/09/2017,S2,2017-09-26 16:00:00,2,2017-09-26 00:00:00,25,1,3,1,16:00:00,39.875
460,4412.0,2017-09-26 16:00:00,5.73,26/09/2017,S2,2017-09-26 16:00:00,2,2017-09-26 00:00:00,25,1,2,1,16:00:00,39.0
461,4421.0,2017-09-26 16:30:00,4.55,26/09/2017,S2,2017-09-26 16:30:00,2,2017-09-26 00:00:00,25,2,3,1,16:30:00,38.75
462,3579.0,2017-09-26 16:00:00,6.4,26/09/2017,S2,2017-09-26 16:00:00,2,2017-09-26 00:00:00,25,1,2,1,16:00:00,39.25
463,3500.0,2017-09-26 16:30:00,8.07,26/09/2017,S2,2017-09-26 16:30:00,2,2017-09-26 00:00:00,25,2,3,1,16:30:00,38.75
464,3475.0,2017-09-26 16:00:00,9.98,26/09/2017,S2,2017-09-26 16:00:00,2,2017-09-26 00:00:00,25,1,2,1,16:00:00,39.875
465,2581.0,2017-09-26 16:00:00,8.04,26/09/2017,S2,2017-09-26 16:00:00,2,2017-09-26 00:00:00,25,1,3,1,16:00:00,39.25
466,2468.0,2017-09-26 16:30:00,6.57,26/09/2017,S2,2017-09-26 16:30:00,2,2017-09-26 00:00:00,25,2,2,1,16:30:00,39.25
467,2406.0,2017-09-26 16:00:00,5.33,26/09/2017,S2,2017-09-26 16:00:00,2,2017-09-26 00:00:00,25,2,2,1,16:00:00,39.125
468,3652.0,2017-09-25 16:00:00,6.51,25/09/2017,S2,2017-09-25 16:00:00,2,2017-09-25 00:00:00,24,1,3,1,16:00:00,
469,2623.0,2017-09-25 16:00:00,7.43,25/09/2017,S2,2017-09-25 16:00:00,2,2017-09-25 00:00:00,24,2,2,1,16:00:00,38.875
470,2624.0,2017-09-25 16:30:00,7.17,25/09/2017,S2,2017-09-25 16:30:00,2,2017-09-25 00:00:00,24,2,3,1,16:30:00,39.125
471,4448.0,2017-09-25 16:00:00,7.06,25/09/2017,S2,2017-09-25 16:00:00,2,2017-09-25 00:00:00,24,1,3,1,16:00:00,39.125
472,4412.0,2017-09-25 16:00:00,5.77,25/09/2017,S2,2017-09-25 16:00:00,2,2017-09-25 00:00:00,24,1,2,1,16:00:00,38.875
473,4421.0,2017-09-25 16:30:00,4.57,25/09/2017,S2,2017-09-25 16:30:00,2,2017-09-25 00:00:00,24,2,3,1,16:30:00,38.75
474,3579.0,2017-09-25 16:00:00,8.62,25/09/2017,S2,2017-09-25 16:00:00,2,2017-09-25 00:00:00,24,1,2,1,16:00:00,39.125
475,3500.0,2017-09-25 16:00:00,7.04,25/09/2017,S2,2017-09-25 16:00:00,2,2017-09-25 00:00:00,24,2,3,1,16:00:00,39.0
476,3475.0,2017-09-25 16:00:00,8.48,25/09/2017,S2,2017-09-25 16:00:00,2,2017-09-25 00:00:00,24,1,2,1,16:00:00,39.75
477,2581.0,2017-09-25 16:00:00,8.69,25/09/2017,S2,2017-09-25 16:00:00,2,2017-09-25 00:00:00,24,1,3,1,16:00:00,39.25
478,2468.0,2017-09-25 16:30:00,6.76,25/09/2017,S2,2017-09-25 16:30:00,2,2017-09-25 00:00:00,24,2,2,1,16:30:00,39.0
479,2406.0,2017-09-25 16:30:00,5.52,25/09/2017,S2,2017-09-25 16:30:00,2,2017-09-25 00:00:00,24,2,2,1,16:30:00,39.0
480,3652.0,2017-09-24 15:30:00,7.65,24/09/2017,S2,2017-09-24 15:30:00,2,2017-09-24 00:00:00,23,1,3,1,15:30:00,
481,2623.0,2017-09-24 16:00:00,7.72,24/09/2017,S2,2017-09-24 16:00:00,2,2017-09-24 00:00:00,23,2,2,1,16:00:00,38.875
482,2624.0,2017-09-24 16:00:00,9.02,24/09/2017,S2,2017-09-24 16:00:00,2,2017-09-24 00:00:00,23,2,3,1,16:00:00,39.25
483,4448.0,2017-09-24 15:30:00,7.22,24/09/2017,S2,2017-09-24 15:30:00,2,2017-09-24 00:00:00,23,1,3,1,15:30:00,38.875
484,4412.0,2017-09-24 15:30:00,5.13,24/09/2017,S2,2017-09-24 15:30:00,2,2017-09-24 00:00:00,23,1,2,1,15:30:00,38.875
485,4421.0,2017-09-24 16:00:00,3.89,24/09/2017,S2,2017-09-24 16:00:00,2,2017-09-24 00:00:00,23,2,3,1,16:00:00,38.875
486,3579.0,2017-09-24 15:30:00,7.03,24/09/2017,S2,2017-09-24 15:30:00,2,2017-09-24 00:00:00,23,1,2,1,15:30:00,39.25
487,3500.0,2017-09-24 16:00:00,6.55,24/09/2017,S2,2017-09-24 16:00:00,2,2017-09-24 00:00:00,23,2,3,1,16:00:00,38.625
488,3475.0,2017-09-24 15:30:00,8.18,24/09/2017,S2,2017-09-24 15:30:00,2,2017-09-24 00:00:00,23,1,2,1,15:30:00,39.75
489,2581.0,2017-09-24 15:30:00,8.79,24/09/2017,S2,2017-09-24 15:30:00,2,2017-09-24 00:00:00,23,1,3,1,15:30:00,39.0
490,2468.0,2017-09-24 15:30:00,6.63,24/09/2017,S2,2017-09-24 15:30:00,2,2017-09-24 00:00:00,23,2,2,1,15:30:00,39.25
491,2406.0,2017-09-24 15:30:00,6.52,24/09/2017,S2,2017-09-24 15:30:00,2,2017-09-24 00:00:00,23,2,2,1,15:30:00,39.25
492,3652.0,2017-09-23 15:30:00,6.63,23/09/2017,S2,2017-09-23 15:30:00,2,2017-09-23 00:00:00,22,1,3,1,15:30:00,
493,2623.0,2017-09-23 15:30:00,8.02,23/09/2017,S2,2017-09-23 15:30:00,2,2017-09-23 00:00:00,22,2,2,1,15:30:00,38.875
494,2624.0,2017-09-23 16:00:00,8.79,23/09/2017,S2,2017-09-23 16:00:00,2,2017-09-23 00:00:00,22,2,3,1,16:00:00,39.0
495,4448.0,2017-09-23 15:30:00,6.58,23/09/2017,S2,2017-09-23 15:30:00,2,2017-09-23 00:00:00,22,1,3,1,15:30:00,38.875
496,4412.0,2017-09-23 15:30:00,5.2,23/09/2017,S2,2017-09-23 15:30:00,2,2017-09-23 00:00:00,22,1,2,1,15:30:00,38.75
497,4421.0,2017-09-23 16:00:00,4.37,23/09/2017,S2,2017-09-23 16:00:00,2,2017-09-23 00:00:00,22,2,3,1,16:00:00,38.75
498,3579.0,2017-09-23 15:30:00,6.64,23/09/2017,S2,2017-09-23 15:30:00,2,2017-09-23 00:00:00,22,1,2,1,15:30:00,39.375
499,3500.0,2017-09-23 16:00:00,6.56,23/09/2017,S2,2017-09-23 16:00:00,2,2017-09-23 00:00:00,22,2,3,1,16:00:00,38.875
500,3475.0,2017-09-23 15:30:00,8.18,23/09/2017,S2,2017-09-23 15:30:00,2,2017-09-23 00:00:00,22,1,2,1,15:30:00,39.875
501,2581.0,2017-09-23 15:30:00,6.58,23/09/2017,S2,2017-09-23 15:30:00,2,2017-09-23 00:00:00,22,1,3,1,15:30:00,39.25
502,2468.0,2017-09-23 16:00:00,5.49,23/09/2017,S2,2017-09-23 16:00:00,2,2017-09-23 00:00:00,22,2,2,1,16:00:00,39.0
503,2406.0,2017-09-23 15:30:00,5.69,23/09/2017,S2,2017-09-23 15:30:00,2,2017-09-23 00:00:00,22,2,2,1,15:30:00,39.5
504,3652.0,2017-09-21 16:00:00,7.05,21/09/2017,S2,2017-09-21 16:00:00,2,2017-09-21 00:00:00,20,1,3,1,16:00:00,39.125
505,653.0,2017-09-21 17:00:00,18.69,21/09/2017,S2,2017-09-21 17:00:00,2,2017-09-21 00:00:00,20,1,1,1,17:00:00,39.375
506,2623.0,2017-09-21 16:00:00,7.84,21/09/2017,S2,2017-09-21 16:00:00,2,2017-09-21 00:00:00,20,2,2,1,16:00:00,39.125
507,2624.0,2017-09-21 16:00:00,8.46,21/09/2017,S2,2017-09-21 16:00:00,2,2017-09-21 00:00:00,20,2,3,1,16:00:00,39.125
508,4498.0,2017-09-21 17:00:00,9.77,21/09/2017,S2,2017-09-21 17:00:00,2,2017-09-21 00:00:00,20,1,1,1,17:00:00,39.75
509,4448.0,2017-09-21 16:00:00,6.25,21/09/2017,S2,2017-09-21 16:00:00,2,2017-09-21 00:00:00,20,1,3,1,16:00:00,39.0
510,4412.0,2017-09-21 16:00:00,5.45,21/09/2017,S2,2017-09-21 16:00:00,2,2017-09-21 00:00:00,20,1,2,1,16:00:00,39.0
511,4421.0,2017-09-21 16:00:00,3.69,21/09/2017,S2,2017-09-21 16:00:00,2,2017-09-21 00:00:00,20,2,3,1,16:00:00,39.0
512,4021.0,2017-09-21 17:00:00,7.11,21/09/2017,S2,2017-09-21 17:00:00,2,2017-09-21 00:00:00,20,2,1,1,17:00:00,39.75
513,3579.0,2017-09-21 16:00:00,7.75,21/09/2017,S2,2017-09-21 16:00:00,2,2017-09-21 00:00:00,20,1,2,1,16:00:00,39.375
514,3500.0,2017-09-21 16:00:00,6.3,21/09/2017,S2,2017-09-21 16:00:00,2,2017-09-21 00:00:00,20,2,3,1,16:00:00,38.875
515,3475.0,2017-09-21 16:00:00,8.41,21/09/2017,S2,2017-09-21 16:00:00,2,2017-09-21 00:00:00,20,1,2,1,16:00:00,39.375
516,3424.0,2017-09-21 17:00:00,7.47,21/09/2017,S2,2017-09-21 17:00:00,2,2017-09-21 00:00:00,20,2,1,1,17:00:00,39.125
517,2581.0,2017-09-21 16:00:00,8.36,21/09/2017,S2,2017-09-21 16:00:00,2,2017-09-21 00:00:00,20,1,3,1,16:00:00,39.125
518,2468.0,2017-09-21 16:00:00,6.53,21/09/2017,S2,2017-09-21 16:00:00,2,2017-09-21 00:00:00,20,2,2,1,16:00:00,38.5
519,2406.0,2017-09-21 16:00:00,5.57,21/09/2017,S2,2017-09-21 16:00:00,2,2017-09-21 00:00:00,20,2,2,1,16:00:00,39.125
520,2648.0,2017-07-20 15:30:00,9.52,20/07/2017,S2,2017-07-20 15:30:00,1,2017-07-20 00:00:00,12,1,2,0,15:30:00,
521,2560.0,2017-07-20 15:30:00,6.78,20/07/2017,S2,2017-07-20 15:30:00,1,2017-07-20 00:00:00,12,2,2,0,15:30:00,39.25
522,2416.0,2017-07-20 15:30:00,8.56,20/07/2017,S2,2017-07-20 15:30:00,1,2017-07-20 00:00:00,12,2,2,0,15:30:00,39.5
523,2710.0,2017-07-20 15:30:00,6.35,20/07/2017,S2,2017-07-20 15:30:00,1,2017-07-20 00:00:00,12,1,3,0,15:30:00,38.875
524,2483.0,2017-07-20 15:30:00,8.44,20/07/2017,S2,2017-07-20 15:30:00,1,2017-07-20 00:00:00,12,2,3,0,15:30:00,39.0
525,2431.0,2017-07-20 15:30:00,7.8,20/07/2017,S2,2017-07-20 15:30:00,1,2017-07-20 00:00:00,12,2,1,0,15:30:00,39.5
