Número do animal;Número do grupo;Dias em Lactação;Número de lactação;Data;Nome da sala de ordenha;Número da sala de ordenha;Número da sessão;Número do lote;Número de MPC;Hora ID;Hora de início;Duração do leite (mm:ss);Hora do fim;Produção (kg);Produção Relativa (%);Produção primeiros 2 minutos;Produção de LEC;Baixa produção;Segunda volta
4573;4;132;1;10/05/2017;Parlor1;1;1;1;3;;10/05/2017 08:23;11:23;08:35;4,25;119,00;0,70;;Unchecked;Unchecked
4587;4;137;1;10/05/2017;Parlor1;1;1;1;4;;10/05/2017 08:24;14:57;08:39;9,36;154,00;1,10;;Unchecked;Unchecked
4546;4;134;1;10/05/2017;Parlor1;1;1;1;2;;10/05/2017 08:23;15:19;08:38;12,27;177,00;0,80;;Unchecked;Unchecked
4548;4;134;1;10/05/2017;Parlor1;1;1;1;1;;10/05/2017 08:22;13:34;08:36;13,65;244,00;3,08;;Unchecked;Unchecked
4065;4;137;1;10/05/2017;Parlor1;1;1;2;8;;10/05/2017 08:25;05:54;08:31;1,49;71,00;1,15;;Checked;Unchecked
5407;4;133;1;10/05/2017;Parlor1;1;1;2;7;;10/05/2017 08:25;13:39;08:39;10,70;212,00;0,65;;Unchecked;Unchecked
4581;4;134;1;10/05/2017;Parlor1;1;1;2;6;;10/05/2017 08:24;30:22;08:55;11,93;216,00;0,90;;Unchecked;Unchecked
4583;4;135;1;10/05/2017;Parlor1;1;1;2;5;;10/05/2017 08:24;11:05;08:35;8,96;138,00;0,00;;Unchecked;Unchecked
4551;3;129;1;10/05/2017;Parlor1;1;1;3;3;;10/05/2017 08:46;11:07;08:58;6,85;104,00;1,18;;Unchecked;Unchecked
4535;3;129;1;10/05/2017;Parlor1;1;1;3;4;;10/05/2017 08:46;11:55;08:58;6,34;135,00;1,28;;Unchecked;Unchecked
5409;3;130;1;10/05/2017;Parlor1;1;1;3;2;;10/05/2017 08:46;15:12;09:01;9,82;108,00;2,03;;Unchecked;Unchecked
4550;4;133;1;10/05/2017;Parlor1;1;1;3;1;;10/05/2017 08:45;13:10;08:59;10,07;180,00;0,75;;Unchecked;Unchecked
4066;3;132;1;10/05/2017;Parlor1;1;1;4;8;;10/05/2017 09:04;15:37;09:20;8,57;162,00;0,85;;Unchecked;Unchecked
4525;3;129;1;10/05/2017;Parlor1;1;1;4;7;;10/05/2017 09:03;16:22;09:20;8,58;185,00;1,35;;Unchecked;Unchecked
5402;2;128;1;10/05/2017;Parlor1;1;1;4;6;;10/05/2017 09:03;16:23;09:19;2,94;100,00;2,25;;Unchecked;Unchecked
4536;2;128;1;10/05/2017;Parlor1;1;1;5;3;;10/05/2017 09:12;17:15;09:29;4,46;100,00;1,28;;Unchecked;Unchecked
4582;3;129;1;10/05/2017;Parlor1;1;1;5;4;;10/05/2017 09:12;17:25;09:29;8,06;100,00;1,10;;Unchecked;Unchecked
4560;3;131;1;10/05/2017;Parlor1;1;1;5;2;;10/05/2017 09:11;17:54;09:29;4,62;100,00;0,75;;Unchecked;Unchecked
4586;2;132;1;10/05/2017;Parlor1;1;1;5;1;;10/05/2017 09:18;10:45;09:29;3,20;87,00;0,58;;Unchecked;Unchecked
4587;4;137;1;10/05/2017;Parlor1;1;2;1;5;;10/05/2017 13:33;08:33;13:41;0,00;0,00;1,15;;Unchecked;Unchecked
4548;4;134;1;10/05/2017;Parlor1;1;2;2;4;;10/05/2017 13:05;08:37;13:13;3,94;237,00;2,08;;Unchecked;Unchecked
5407;4;133;1;10/05/2017;Parlor1;1;2;2;2;;10/05/2017 13:04;09:17;13:13;4,01;200,00;1,10;;Unchecked;Unchecked
4583;4;135;1;10/05/2017;Parlor1;1;2;2;1;;10/05/2017 13:04;09:30;13:13;4,29;225,00;2,73;;Unchecked;Unchecked
4582;3;129;1;10/05/2017;Parlor1;1;2;3;4;;10/05/2017 13:47;13:22;14:00;2,09;100,00;0,00;;Unchecked;Unchecked
4066;3;132;1;10/05/2017;Parlor1;1;2;1;8;;10/05/2017 13:48;03:17;13:51;0,90;58,00;1,03;;Checked;Unchecked
4560;3;131;1;10/05/2017;Parlor1;1;2;1;7;;10/05/2017 13:34;07:15;13:41;3,66;200,00;0,00;;Unchecked;Unchecked
5409;3;130;1;10/05/2017;Parlor1;1;2;1;6;;10/05/2017 13:33;16:57;13:50;3,01;108,00;0,00;;Unchecked;Unchecked
5403;3;130;1;10/05/2017;Parlor1;1;2;1;5;;10/05/2017 13:43;08:33;13:51;2,74;57,00;0,00;;Checked;Unchecked
4585;2;127;1;10/05/2017;Parlor1;1;2;3;3;;10/05/2017 13:46;11:05;13:57;2,28;100,00;0,00;;Unchecked;Unchecked
4536;2;128;1;10/05/2017;Parlor1;1;2;3;2;;10/05/2017 13:46;11:17;13:57;1,19;100,00;0,00;;Unchecked;Unchecked
4525;3;129;1;10/05/2017;Parlor1;1;2;3;1;;10/05/2017 13:45;10:00;13:55;2,82;207,00;0,00;;Unchecked;Unchecked
4065;4;137;1;10/05/2017;Parlor1;1;2;0;8;;10/05/2017 13:05;07:59;13:13;1,07;0,00;0,85;;Unchecked;Unchecked
4535;3;129;1;10/05/2017;Parlor1;1;2;0;4;;10/05/2017 13:24;10:47;13:35;2,39;0,00;0,68;;Unchecked;Unchecked
4550;4;133;1;10/05/2017;Parlor1;1;2;0;1;;10/05/2017 13:23;08:00;13:31;2,87;0,00;0,00;;Unchecked;Unchecked
4551;3;129;1;10/05/2017;Parlor1;1;2;0;2;;10/05/2017 13:24;11:17;13:35;3,38;0,00;1,83;;Unchecked;Unchecked
4573;4;132;1;10/05/2017;Parlor1;1;2;0;7;;10/05/2017 13:06;07:15;13:13;2,59;0,00;1,13;;Unchecked;Unchecked
4581;4;134;1;10/05/2017;Parlor1;1;2;0;6;;10/05/2017 13:05;16:57;13:22;2,87;0,00;0,95;;Unchecked;Unchecked
5402;2;128;1;10/05/2017;Parlor1;1;2;0;3;;10/05/2017 13:24;11:05;13:35;3,11;0,00;1,70;;Unchecked;Unchecked
4586;2;132;1;10/05/2017;Parlor1;1;2;0;5;;10/05/2017 13:58;09:06;14:08;0,00;0,00;0,55;;Unchecked;Unchecked
4550;4;133;1;10/05/2017;Parlor1;1;3;1;3;;10/05/2017 15:45;06:26;15:51;2,20;252,00;1,00;;Unchecked;Unchecked
4548;4;134;1;10/05/2017;Parlor1;1;3;1;4;;10/05/2017 15:44;06:23;15:50;2,23;227,00;1,78;;Unchecked;Unchecked
4583;4;135;1;10/05/2017;Parlor1;1;3;1;2;;10/05/2017 15:43;06:39;15:50;2,53;221,00;1,78;;Unchecked;Unchecked
4573;4;132;1;10/05/2017;Parlor1;1;3;1;1;;10/05/2017 15:44;06:49;15:51;1,03;177,00;0,78;;Unchecked;Unchecked
5407;4;133;1;10/05/2017;Parlor1;1;3;2;8;;10/05/2017 15:46;07:24;15:53;1,76;204,00;1,18;;Unchecked;Unchecked
4065;4;137;1;10/05/2017;Parlor1;1;3;2;7;;10/05/2017 15:46;08:44;15:55;0,82;234,00;1,52;;Unchecked;Unchecked
4546;4;134;1;10/05/2017;Parlor1;1;3;2;6;;10/05/2017 15:46;13:49;16:00;2,65;81,00;3,80;;Unchecked;Unchecked
4581;4;134;1;10/05/2017;Parlor1;1;3;2;5;;10/05/2017 16:07;09:06;16:16;2,67;200,00;3,50;;Unchecked;Unchecked
5409;3;130;1;10/05/2017;Parlor1;1;3;3;3;;10/05/2017 15:56;04:48;16:00;1,30;97,00;1,05;;Unchecked;Unchecked
5402;2;128;1;10/05/2017;Parlor1;1;3;3;4;;10/05/2017 15:55;07:22;16:03;1,87;100,00;1,78;;Unchecked;Unchecked
4066;3;132;1;10/05/2017;Parlor1;1;3;3;2;;10/05/2017 15:55;06:10;16:01;3,35;200,00;1,43;;Unchecked;Unchecked
4587;4;137;1;10/05/2017;Parlor1;1;3;3;1;;10/05/2017 15:55;09:38;16:04;3,57;200,00;1,08;;Unchecked;Unchecked
4536;2;128;1;10/05/2017;Parlor1;1;3;4;3;;10/05/2017 16:16;12:41;16:28;1,62;100,00;0,55;;Unchecked;Unchecked
4582;3;129;1;10/05/2017;Parlor1;1;3;4;4;;10/05/2017 16:16;12:13;16:28;1,84;100,00;0,93;;Unchecked;Unchecked
4585;2;127;1;10/05/2017;Parlor1;1;3;4;2;;10/05/2017 16:16;11:57;16:28;1,30;100,00;0,18;;Unchecked;Unchecked
4525;3;129;1;10/05/2017;Parlor1;1;3;4;1;;10/05/2017 16:15;12:38;16:28;1,19;163,00;0,63;;Unchecked;Unchecked
4551;3;129;1;10/05/2017;Parlor1;1;3;0;5;;10/05/2017 16:08;30:22;16:39;0,00;0,00;0,75;;Unchecked;Unchecked
4560;3;131;1;10/05/2017;Parlor1;1;3;0;6;;10/05/2017 16:09;18:27;16:27;0,00;0,00;0,03;;Unchecked;Unchecked
5403;3;130;1;10/05/2017;Parlor1;1;3;0;7;;10/05/2017 16:09;12:59;16:22;0,00;0,00;1,40;;Unchecked;Unchecked
4535;3;129;1;10/05/2017;Parlor1;1;3;0;8;;10/05/2017 16:08;15:00;16:23;0,00;0,00;0,60;;Unchecked;Unchecked
4586;2;132;1;10/05/2017;Parlor1;1;3;0;5;;10/05/2017 16:30;08:00;16:38;0,00;0,00;0,00;;Unchecked;Unchecked
4535;3;129;1;11/05/2017;Parlor1;1;1;3;2;;11/05/2017 08:58;17:10;09:15;4,54;114,00;1,33;;Unchecked;Unchecked
5403;3;130;1;11/05/2017;Parlor1;1;1;1;5;;11/05/2017 09:10;12:59;09:23;0,00;0,00;0,00;;Checked;Unchecked
4560;3;131;1;11/05/2017;Parlor1;1;1;3;4;;11/05/2017 08:59;16:25;09:15;9,36;200,00;1,18;;Unchecked;Unchecked
4586;2;132;1;11/05/2017;Parlor1;1;1;1;5;;11/05/2017 09:38;15:05;09:53;0,00;0,00;0,00;;Checked;Unchecked
4573;4;132;1;11/05/2017;Parlor1;1;1;2;3;;11/05/2017 08:26;10:17;08:37;4,31;116,00;1,13;;Unchecked;Unchecked
4587;4;137;1;11/05/2017;Parlor1;1;1;2;4;;11/05/2017 08:27;16:03;08:43;9,08;150,00;0,85;;Unchecked;Unchecked
4550;4;133;1;11/05/2017;Parlor1;1;1;2;2;;11/05/2017 08:26;18:33;08:45;13,41;213,00;1,05;;Unchecked;Unchecked
4548;4;134;1;11/05/2017;Parlor1;1;1;2;1;;11/05/2017 08:26;18:50;08:45;15,09;226,00;2,50;;Unchecked;Unchecked
4066;3;132;1;11/05/2017;Parlor1;1;1;3;3;;11/05/2017 08:58;14:51;09:13;6,97;117,00;0,85;;Unchecked;Unchecked
5407;4;133;1;11/05/2017;Parlor1;1;1;3;1;;11/05/2017 08:57;15:39;09:13;11,77;193,00;0,70;;Unchecked;Unchecked
4582;3;129;1;11/05/2017;Parlor1;1;1;4;3;;11/05/2017 09:29;15:54;09:45;9,74;124,00;0,88;;Unchecked;Unchecked
4536;2;128;1;11/05/2017;Parlor1;1;1;4;4;;11/05/2017 09:30;12:48;09:42;5,56;117,00;1,25;;Unchecked;Unchecked
4585;2;127;1;11/05/2017;Parlor1;1;1;4;2;;11/05/2017 09:28;16:06;09:44;5,52;100,00;1,63;;Unchecked;Unchecked
5409;3;130;1;11/05/2017;Parlor1;1;1;4;1;;11/05/2017 09:28;15:17;09:43;10,95;119,00;2,13;;Unchecked;Unchecked
4065;4;137;1;11/05/2017;Parlor1;1;1;0;8;;11/05/2017 08:33;06:51;08:39;1,08;0,00;0,60;;Unchecked;Unchecked
4546;4;134;1;11/05/2017;Parlor1;1;1;0;6;;11/05/2017 08:28;14:21;08:42;5,35;0,00;0,90;;Unchecked;Unchecked
4581;4;134;1;11/05/2017;Parlor1;1;1;0;5;;11/05/2017 09:03;08:00;09:11;3,29;0,00;0,85;;Unchecked;Unchecked
4583;4;135;1;11/05/2017;Parlor1;1;1;0;7;;11/05/2017 08:28;16:00;08:44;3,61;0,00;2,50;;Unchecked;Unchecked
4551;3;129;1;11/05/2017;Parlor1;1;1;0;6;;11/05/2017 09:10;08:00;09:18;4,44;0,00;0,00;;Unchecked;Unchecked
5402;2;128;1;11/05/2017;Parlor1;1;1;0;7;;11/05/2017 09:11;08:00;09:19;2,64;0,00;0,00;;Unchecked;Unchecked
4525;3;129;1;11/05/2017;Parlor1;1;1;0;8;;11/05/2017 09:11;08:00;09:19;3,27;0,00;0,00;;Unchecked;Unchecked
4525;3;129;1;11/05/2017;Parlor1;1;2;4;4;;11/05/2017 13:37;09:58;13:47;3,99;81,00;1,25;;Unchecked;Unchecked
5402;2;128;1;11/05/2017;Parlor1;1;2;1;6;;11/05/2017 13:12;19:34;13:32;0,00;0,00;2,35;;Checked;Unchecked
4551;3;129;1;11/05/2017;Parlor1;1;2;1;7;;11/05/2017 13:13;22:40;13:36;0,00;0,00;1,25;;Checked;Unchecked
4586;2;132;1;11/05/2017;Parlor1;1;2;5;1;;11/05/2017 14:00;05:35;14:06;0,62;32,00;0,15;;Checked;Unchecked
4550;4;133;1;11/05/2017;Parlor1;1;2;2;5;;11/05/2017 12:51;10:55;13:02;4,00;82,00;1,40;;Unchecked;Unchecked
4065;4;137;1;11/05/2017;Parlor1;1;2;2;8;;11/05/2017 12:52;06:32;12:59;0,63;108,00;0,33;;Unchecked;Unchecked
4573;4;132;1;11/05/2017;Parlor1;1;2;2;7;;11/05/2017 12:53;11:44;13:04;2,79;200,00;1,03;;Unchecked;Unchecked
5407;4;133;1;11/05/2017;Parlor1;1;2;2;6;;11/05/2017 12:53;11:19;13:04;3,00;200,00;1,13;;Unchecked;Unchecked
4587;4;137;1;11/05/2017;Parlor1;1;2;3;3;;11/05/2017 12:55;11:32;13:06;6,56;200,00;1,18;;Unchecked;Unchecked
4583;4;135;1;11/05/2017;Parlor1;1;2;3;4;;11/05/2017 12:54;09:36;13:04;4,04;206,00;2,00;;Unchecked;Unchecked
4546;4;134;1;11/05/2017;Parlor1;1;2;3;2;;11/05/2017 12:55;10:32;13:05;4,11;211,00;1,10;;Unchecked;Unchecked
4581;4;134;1;11/05/2017;Parlor1;1;2;3;1;;11/05/2017 12:54;29:29;13:24;4,69;200,00;0,00;;Unchecked;Unchecked
4560;3;131;1;11/05/2017;Parlor1;1;2;4;3;;11/05/2017 13:38;07:28;13:46;6,34;200,00;1,35;;Unchecked;Unchecked
4535;3;129;1;11/05/2017;Parlor1;1;2;4;2;;11/05/2017 13:38;06:22;13:44;2,49;162,00;1,58;;Unchecked;Unchecked
5403;3;130;1;11/05/2017;Parlor1;1;2;4;1;;11/05/2017 13:38;06:27;13:44;3,48;200,00;2,12;;Unchecked;Unchecked
4066;3;132;1;11/05/2017;Parlor1;1;2;0;8;;11/05/2017 13:15;06:47;13:22;3,03;0,00;0,03;;Unchecked;Unchecked
4548;4;134;1;11/05/2017;Parlor1;1;2;0;5;;11/05/2017 13:13;08:49;13:22;3,43;0,00;2,58;;Unchecked;Unchecked
5409;3;130;1;11/05/2017;Parlor1;1;2;0;5;;11/05/2017 13:40;23:54;14:04;4,64;0,00;0,00;;Unchecked;Unchecked
4585;2;127;1;11/05/2017;Parlor1;1;2;0;6;;11/05/2017 13:40;08:00;13:48;0,00;0,00;0,00;;Unchecked;Unchecked
4582;3;129;1;11/05/2017;Parlor1;1;2;0;7;;11/05/2017 13:41;22:59;14:04;0,00;0,00;0,00;;Unchecked;Unchecked
4536;2;128;1;11/05/2017;Parlor1;1;2;0;8;;11/05/2017 13:42;08:00;13:50;0,00;0,00;0,00;;Unchecked;Unchecked
4546;4;134;1;11/05/2017;Parlor1;1;3;1;3;;11/05/2017 15:47;07:24;15:55;2,21;179,00;1,00;;Unchecked;Unchecked
4581;4;134;1;11/05/2017;Parlor1;1;3;1;4;;11/05/2017 15:47;11:48;15:59;1,83;160,00;0,60;;Unchecked;Unchecked
4583;4;135;1;11/05/2017;Parlor1;1;3;1;2;;11/05/2017 15:46;08:24;15:54;2,14;169,00;1,60;;Unchecked;Unchecked
4587;4;137;1;11/05/2017;Parlor1;1;3;1;1;;11/05/2017 15:46;08:51;15:54;2,49;230,00;1,15;;Unchecked;Unchecked
4525;3;129;1;11/05/2017;Parlor1;1;3;2;3;;11/05/2017 16:11;12:02;16:23;1,04;100,00;0,00;;Unchecked;Unchecked
4535;3;129;1;11/05/2017;Parlor1;1;3;2;4;;11/05/2017 16:10;12:12;16:22;1,71;203,00;1,00;;Unchecked;Unchecked
5409;3;130;1;11/05/2017;Parlor1;1;3;2;2;;11/05/2017 16:10;12:26;16:23;1,62;41,00;0,03;;Checked;Unchecked
5403;3;130;1;11/05/2017;Parlor1;1;3;2;1;;11/05/2017 16:11;11:05;16:22;2,06;200,00;1,60;;Unchecked;Unchecked
4586;2;132;1;11/05/2017;Parlor1;1;3;4;1;;11/05/2017 16:28;09:14;16:38;0,59;101,00;0,35;;Unchecked;Unchecked
4065;4;137;1;11/05/2017;Parlor1;1;3;0;8;;11/05/2017 15:48;08:00;15:56;1,08;0,00;0,60;;Unchecked;Unchecked
4548;4;134;1;11/05/2017;Parlor1;1;3;0;7;;11/05/2017 15:48;08:00;15:56;3,43;0,00;3,05;;Unchecked;Unchecked
4550;4;133;1;11/05/2017;Parlor1;1;3;0;6;;11/05/2017 15:48;06:26;15:55;3,23;0,00;7,00;;Unchecked;Unchecked
4551;3;129;1;11/05/2017;Parlor1;1;3;0;8;;11/05/2017 16:04;08:00;16:12;4,44;0,00;0,00;;Unchecked;Unchecked
4560;3;131;1;11/05/2017;Parlor1;1;3;0;6;;11/05/2017 16:03;08:00;16:11;3,63;0,00;0,00;;Unchecked;Unchecked
4573;4;132;1;11/05/2017;Parlor1;1;3;0;5;;11/05/2017 16:03;06:49;16:10;1,91;0,00;0,00;;Unchecked;Unchecked
5402;2;128;1;11/05/2017;Parlor1;1;3;0;7;;11/05/2017 16:04;08:00;16:12;2,64;0,00;0,00;;Unchecked;Unchecked
5407;4;133;1;11/05/2017;Parlor1;1;3;0;5;;11/05/2017 15:48;08:00;15:56;3,09;0,00;3,68;;Unchecked;Unchecked
4066;3;132;1;11/05/2017;Parlor1;1;3;0;5;;11/05/2017 16:20;08:00;16:28;0,00;0,00;0,00;;Unchecked;Unchecked
4585;2;127;1;11/05/2017;Parlor1;1;3;0;6;;11/05/2017 16:20;08:00;16:28;0,00;0,00;0,00;;Unchecked;Unchecked
4582;3;129;1;11/05/2017;Parlor1;1;3;0;7;;11/05/2017 16:21;08:00;16:29;0,00;0,00;0,00;;Unchecked;Unchecked
4536;2;128;1;11/05/2017;Parlor1;1;3;0;8;;11/05/2017 16:21;08:00;16:29;0,00;0,00;0,00;;Unchecked;Unchecked
4536;2;128;1;12/05/2017;Parlor1;1;1;5;4;;12/05/2017 09:23;19:04;09:42;2,74;114,00;0,03;;Unchecked;Unchecked
4582;3;129;1;12/05/2017;Parlor1;1;1;5;3;;12/05/2017 09:22;19:48;09:42;10,16;200,00;1,55;;Unchecked;Unchecked
4585;2;127;1;12/05/2017;Parlor1;1;1;5;2;;12/05/2017 09:22;21:26;09:43;9,10;100,00;3,00;;Unchecked;Unchecked
4066;3;132;1;12/05/2017;Parlor1;1;1;1;1;;12/05/2017 09:22;22:28;09:44;0,00;0,00;1,03;;Checked;Unchecked
4065;4;137;1;12/05/2017;Parlor1;1;1;2;3;;12/05/2017 08:27;07:05;08:34;1,23;55,00;0,45;;Checked;Unchecked
4587;4;137;1;12/05/2017;Parlor1;1;1;2;4;;12/05/2017 08:28;13:58;08:42;9,22;125,00;1,20;;Unchecked;Unchecked
5407;4;133;1;12/05/2017;Parlor1;1;1;2;2;;12/05/2017 08:27;13:57;08:41;11,63;170,00;0,75;;Unchecked;Unchecked
4546;4;134;1;12/05/2017;Parlor1;1;1;2;1;;12/05/2017 08:26;13:06;08:39;13,38;179,00;0,90;;Unchecked;Unchecked
4550;4;133;1;12/05/2017;Parlor1;1;1;3;1;;12/05/2017 08:50;19:32;09:09;13,19;159,00;1,00;;Unchecked;Unchecked
4525;3;129;1;12/05/2017;Parlor1;1;1;4;8;;12/05/2017 09:13;25:29;09:39;4,04;66,00;1,58;;Checked;Unchecked
5409;3;130;1;12/05/2017;Parlor1;1;1;4;7;;12/05/2017 09:13;25:04;09:38;10,17;105,00;0,00;;Unchecked;Unchecked
4560;3;131;1;12/05/2017;Parlor1;1;1;4;6;;12/05/2017 08:56;23:46;09:20;14,87;240,00;1,23;;Unchecked;Unchecked
5403;3;130;1;12/05/2017;Parlor1;1;1;5;5;;12/05/2017 09:11;13:03;09:24;0,00;0,00;3,48;;Unchecked;Unchecked
4551;3;129;1;12/05/2017;Parlor1;1;1;3;3;;12/05/2017 08:52;17:26;09:09;10,92;204,00;1,50;;Unchecked;Unchecked
4535;3;129;1;12/05/2017;Parlor1;1;1;3;4;;12/05/2017 08:52;17:08;09:09;7,66;148,00;1,80;;Unchecked;Unchecked
5402;2;128;1;12/05/2017;Parlor1;1;1;3;2;;12/05/2017 08:51;18:41;09:09;5,41;130,00;2,60;;Unchecked;Unchecked
4586;2;132;1;12/05/2017;Parlor1;1;1;5;1;;12/05/2017 09:49;08:15;09:57;3,53;95,00;0,00;;Unchecked;Unchecked
4548;4;134;1;12/05/2017;Parlor1;1;1;0;6;;12/05/2017 08:29;20:24;08:50;4,22;0,00;2,45;;Unchecked;Unchecked
4573;4;132;1;12/05/2017;Parlor1;1;1;0;8;;12/05/2017 08:29;06:49;08:36;2,09;0,00;0,80;;Unchecked;Unchecked
4581;4;134;1;12/05/2017;Parlor1;1;1;0;5;;12/05/2017 08:29;08:00;08:37;3,39;0,00;0,90;;Unchecked;Unchecked
4583;4;135;1;12/05/2017;Parlor1;1;1;0;7;;12/05/2017 08:30;16:00;08:46;3,65;0,00;2,13;;Unchecked;Unchecked
4546;4;134;1;12/05/2017;Parlor1;1;2;1;3;;12/05/2017 12:52;08:07;13:00;4,59;220,00;1,20;;Unchecked;Unchecked
4583;4;135;1;12/05/2017;Parlor1;1;2;1;4;;12/05/2017 12:53;07:43;13:00;4,48;229,00;1,85;;Unchecked;Unchecked
4587;4;137;1;12/05/2017;Parlor1;1;2;1;2;;12/05/2017 12:52;09:09;13:01;5,85;200,00;0,90;;Unchecked;Unchecked
4573;4;132;1;12/05/2017;Parlor1;1;2;1;1;;12/05/2017 12:51;08:48;13:00;3,19;200,00;1,13;;Unchecked;Unchecked
5402;2;128;1;12/05/2017;Parlor1;1;2;2;3;;12/05/2017 13:07;12:44;13:19;2,78;246,00;2,23;;Unchecked;Unchecked
4551;3;129;1;12/05/2017;Parlor1;1;2;2;4;;12/05/2017 13:07;12:40;13:19;3,42;235,00;1,58;;Unchecked;Unchecked
4535;3;129;1;12/05/2017;Parlor1;1;2;2;2;;12/05/2017 13:06;13:17;13:19;1,79;127,00;0,35;;Unchecked;Unchecked
4550;4;133;1;12/05/2017;Parlor1;1;2;2;1;;12/05/2017 13:06;12:55;13:19;4,35;192,00;1,30;;Unchecked;Unchecked
4585;2;127;1;12/05/2017;Parlor1;1;2;3;3;;12/05/2017 13:26;05:20;13:32;2,61;100,00;1,63;;Unchecked;Unchecked
4582;3;129;1;12/05/2017;Parlor1;1;2;3;4;;12/05/2017 13:27;05:49;13:32;2,29;184,00;0,03;;Unchecked;Unchecked
4577;2;125;1;12/05/2017;Parlor1;1;2;3;2;;12/05/2017 13:25;06:32;13:32;1,42;100,00;1,18;;Unchecked;Unchecked
5403;3;130;1;12/05/2017;Parlor1;1;2;3;1;;12/05/2017 13:26;05:30;13:31;3,44;200,00;2,25;;Unchecked;Unchecked
4560;3;131;1;12/05/2017;Parlor1;1;2;4;8;;12/05/2017 13:17;11:28;13:28;7,42;200,00;0,00;;Unchecked;Unchecked
4525;3;129;1;12/05/2017;Parlor1;1;2;4;7;;12/05/2017 13:16;11:29;13:27;8,41;200,00;0,85;;Unchecked;Unchecked
5409;3;130;1;12/05/2017;Parlor1;1;2;4;6;;12/05/2017 13:16;27:06;13:43;3,47;140,00;0,00;;Unchecked;Unchecked
4066;3;132;1;12/05/2017;Parlor1;1;2;4;5;;12/05/2017 13:43;13:03;13:56;7,48;200,00;0,00;;Unchecked;Unchecked
4536;2;128;1;12/05/2017;Parlor1;1;2;5;4;;12/05/2017 13:35;14:07;13:49;9,24;200,00;0,03;;Unchecked;Unchecked
4065;4;137;1;12/05/2017;Parlor1;1;2;0;6;;12/05/2017 12:54;08:00;13:02;1,13;0,00;6,25;;Unchecked;Unchecked
4548;4;134;1;12/05/2017;Parlor1;1;2;0;5;;12/05/2017 12:54;08:00;13:02;4,22;0,00;3,95;;Unchecked;Unchecked
4581;4;134;1;12/05/2017;Parlor1;1;2;0;7;;12/05/2017 12:55;08:00;13:03;3,39;0,00;3,68;;Unchecked;Unchecked
4546;4;134;1;12/05/2017;Parlor1;1;3;1;3;;12/05/2017 15:39;09:48;15:49;2,37;185,00;0,05;;Unchecked;Unchecked
4581;4;134;1;12/05/2017;Parlor1;1;3;1;4;;12/05/2017 15:41;08:27;15:49;2,14;192,00;0,60;;Unchecked;Unchecked
4573;4;132;1;12/05/2017;Parlor1;1;3;1;2;;12/05/2017 15:38;09:13;15:48;1,15;164,00;0,85;;Unchecked;Unchecked
4587;4;137;1;12/05/2017;Parlor1;1;3;1;1;;12/05/2017 15:38;09:59;15:48;2,86;218,00;0,80;;Unchecked;Unchecked
5407;4;133;1;12/05/2017;Parlor1;1;3;2;8;;12/05/2017 15:43;19:12;16:03;1,99;64,00;1,15;;Checked;Unchecked
4065;4;137;1;12/05/2017;Parlor1;1;3;2;7;;12/05/2017 15:43;19:36;16:03;1,70;200,00;0,20;;Unchecked;Unchecked
4550;4;133;1;12/05/2017;Parlor1;1;3;2;6;;12/05/2017 15:43;19:54;16:03;2,32;179,00;0,80;;Unchecked;Unchecked
4548;4;134;1;12/05/2017;Parlor1;1;3;2;5;;12/05/2017 15:41;21:28;16:03;1,83;131,00;0,00;;Unchecked;Unchecked
4551;3;129;1;12/05/2017;Parlor1;1;3;3;3;;12/05/2017 16:00;14:52;16:15;2,16;220,00;1,38;;Unchecked;Unchecked
5403;3;130;1;12/05/2017;Parlor1;1;3;3;4;;12/05/2017 16:01;14:44;16:15;1,66;233,00;1,40;;Unchecked;Unchecked
4535;3;129;1;12/05/2017;Parlor1;1;3;3;2;;12/05/2017 16:00;15:18;16:15;1,50;156,00;0,85;;Unchecked;Unchecked
4583;4;135;1;12/05/2017;Parlor1;1;3;3;1;;12/05/2017 16:00;15:28;16:15;2,47;175,00;1,75;;Unchecked;Unchecked
4585;2;127;1;12/05/2017;Parlor1;1;3;4;3;;12/05/2017 16:26;09:42;16:35;1,95;100,00;1,50;;Unchecked;Unchecked
4582;3;129;1;12/05/2017;Parlor1;1;3;4;4;;12/05/2017 16:26;10:07;16:36;2,41;200,00;0,00;;Unchecked;Unchecked
4577;2;125;1;12/05/2017;Parlor1;1;3;4;2;;12/05/2017 16:25;11:29;16:36;0,83;100,00;0,10;;Unchecked;Unchecked
4525;3;129;1;12/05/2017;Parlor1;1;3;4;1;;12/05/2017 16:24;08:37;16:33;2,13;177,00;0,90;;Unchecked;Unchecked
4560;3;131;1;12/05/2017;Parlor1;1;3;0;8;;12/05/2017 16:10;19:19;16:30;3,16;0,00;0,65;;Unchecked;Unchecked
5402;2;128;1;12/05/2017;Parlor1;1;3;0;5;;12/05/2017 16:10;05:52;16:16;3,19;0,00;1,15;;Unchecked;Unchecked
5409;3;130;1;12/05/2017;Parlor1;1;3;0;6;;12/05/2017 16:10;19:33;16:30;0,00;0,00;0,00;;Unchecked;Unchecked
4066;3;132;1;12/05/2017;Parlor1;1;3;0;7;;12/05/2017 16:11;18:14;16:30;0,00;0,00;0,78;;Unchecked;Unchecked
4536;2;128;1;12/05/2017;Parlor1;1;3;0;8;;12/05/2017 16:33;18:42;16:52;0,00;0,00;0,00;;Unchecked;Unchecked
4586;2;132;1;12/05/2017;Parlor1;1;3;0;5;;12/05/2017 16:43;08:00;16:51;0,00;0,00;0,00;;Unchecked;Unchecked
4550;4;133;1;13/05/2017;Parlor1;1;1;1;3;;13/05/2017 08:19;17:16;08:36;13,20;148,00;0,95;;Unchecked;Unchecked
4065;4;137;1;13/05/2017;Parlor1;1;1;1;4;;13/05/2017 08:19;07:38;08:27;1,42;59,00;0,33;;Checked;Unchecked
4573;4;132;1;13/05/2017;Parlor1;1;1;1;2;;13/05/2017 08:18;11:51;08:30;3,49;85,00;0,75;;Unchecked;Unchecked
4587;4;137;1;13/05/2017;Parlor1;1;1;1;1;;13/05/2017 08:19;14:47;08:34;8,27;100,00;1,30;;Unchecked;Unchecked
4535;3;129;1;13/05/2017;Parlor1;1;1;2;3;;13/05/2017 08:43;09:31;08:52;7,29;125,00;2,45;;Unchecked;Unchecked
5403;3;130;1;13/05/2017;Parlor1;1;1;2;4;;13/05/2017 08:43;09:12;08:52;9,01;207,00;3,40;;Unchecked;Unchecked
4066;3;132;1;13/05/2017;Parlor1;1;1;2;2;;13/05/2017 08:43;14:11;08:58;7,75;125,00;1,05;;Unchecked;Unchecked
5407;4;133;1;13/05/2017;Parlor1;1;1;2;1;;13/05/2017 08:42;15:11;08:58;11,82;151,00;0,78;;Unchecked;Unchecked
4582;3;129;1;13/05/2017;Parlor1;1;1;3;3;;13/05/2017 09:07;29:38;09:37;10,36;162,00;1,83;;Unchecked;Unchecked
4537;2;125;1;13/05/2017;Parlor1;1;1;3;4;;13/05/2017 09:43;22:41;10:06;0,03;100,00;0,03;;Unchecked;Unchecked
4585;2;127;1;13/05/2017;Parlor1;1;1;3;2;;13/05/2017 09:08;19:35;09:27;10,01;179,00;3,68;;Unchecked;Unchecked
4560;3;131;1;13/05/2017;Parlor1;1;1;3;1;;13/05/2017 09:11;18:43;09:30;13,90;175,00;1,90;;Unchecked;Unchecked
4525;3;129;1;13/05/2017;Parlor1;1;1;0;8;;13/05/2017 09:03;14:01;09:17;3,54;0,00;0,00;;Unchecked;Unchecked
4546;4;134;1;13/05/2017;Parlor1;1;1;0;7;;13/05/2017 08:23;13:06;08:36;4,77;0,00;3,25;;Unchecked;Unchecked
4548;4;134;1;13/05/2017;Parlor1;1;1;0;5;;13/05/2017 08:22;08:00;08:30;4,45;0,00;3,55;;Unchecked;Unchecked
4551;3;129;1;13/05/2017;Parlor1;1;1;0;5;;13/05/2017 09:01;08:00;09:09;3,66;0,00;0,00;;Unchecked;Unchecked
4581;4;134;1;13/05/2017;Parlor1;1;1;0;6;;13/05/2017 08:25;08:00;08:33;3,57;0,00;3,80;;Unchecked;Unchecked
4583;4;135;1;13/05/2017;Parlor1;1;1;0;8;;13/05/2017 08:22;16:00;08:38;3,70;0,00;2,88;;Unchecked;Unchecked
5402;2;128;1;13/05/2017;Parlor1;1;1;0;7;;13/05/2017 09:02;08:00;09:10;2,68;0,00;0,00;;Unchecked;Unchecked
5409;3;130;1;13/05/2017;Parlor1;1;1;0;6;;13/05/2017 09:03;13:35;09:17;7,37;0,00;0,00;;Unchecked;Unchecked
4536;2;128;1;13/05/2017;Parlor1;1;1;0;5;;13/05/2017 09:24;08:00;09:32;3,60;0,00;0,00;;Unchecked;Unchecked
4577;2;125;1;13/05/2017;Parlor1;1;1;0;6;;13/05/2017 09:47;08:00;09:55;0,00;0,00;0,00;;Unchecked;Unchecked
4575;2;125;1;13/05/2017;Parlor1;1;1;0;7;;13/05/2017 09:25;08:00;09:33;0,00;0,00;0,00;;Unchecked;Unchecked
4586;2;132;1;13/05/2017;Parlor1;1;1;0;8;;13/05/2017 09:29;08:00;09:37;0,00;0,00;0,00;;Unchecked;Unchecked
4065;4;137;1;13/05/2017;Parlor1;1;2;1;4;;13/05/2017 12:50;08:08;12:58;1,20;176,00;0,33;;Unchecked;Unchecked
4573;4;132;1;13/05/2017;Parlor1;1;2;1;2;;13/05/2017 12:49;09:42;12:59;3,00;200,00;1,13;;Unchecked;Unchecked
4587;4;137;1;13/05/2017;Parlor1;1;2;1;1;;13/05/2017 12:50;09:45;12:59;4,45;189,00;2,53;;Unchecked;Unchecked
5402;2;128;1;13/05/2017;Parlor1;1;2;2;3;;13/05/2017 13:07;08:37;13:15;2,55;188,00;1,93;;Unchecked;Unchecked
5403;3;130;1;13/05/2017;Parlor1;1;2;2;4;;13/05/2017 13:07;08:04;13:15;2,63;217,00;1,88;;Unchecked;Unchecked
4535;3;129;1;13/05/2017;Parlor1;1;2;2;2;;13/05/2017 13:07;07:05;13:14;2,36;145,00;0,28;;Unchecked;Unchecked
4546;4;134;1;13/05/2017;Parlor1;1;2;2;1;;13/05/2017 13:08;06:28;13:14;5,21;186,00;1,35;;Unchecked;Unchecked
4585;2;127;1;13/05/2017;Parlor1;1;2;3;3;;13/05/2017 13:39;24:47;14:03;3,45;216,00;2,93;;Unchecked;Unchecked
4582;3;129;1;13/05/2017;Parlor1;1;2;3;4;;13/05/2017 13:39;18:52;13:58;2,74;149,00;0,00;;Unchecked;Unchecked
4536;2;128;1;13/05/2017;Parlor1;1;2;3;2;;13/05/2017 13:38;11:57;13:50;4,27;79,00;0,10;;Checked;Unchecked
4577;2;125;1;13/05/2017;Parlor1;1;2;3;1;;13/05/2017 13:37;19:55;13:57;2,25;100,00;1,15;;Unchecked;Unchecked
4066;3;132;1;13/05/2017;Parlor1;1;2;0;5;;13/05/2017 13:24;08:00;13:32;9,10;0,00;0,00;;Unchecked;Unchecked
4525;3;129;1;13/05/2017;Parlor1;1;2;0;8;;13/05/2017 13:24;14:01;13:38;3,54;0,00;0,00;;Unchecked;Unchecked
4548;4;134;1;13/05/2017;Parlor1;1;2;0;7;;13/05/2017 12:53;08:00;13:01;4,45;0,00;4,35;;Unchecked;Unchecked
4550;4;133;1;13/05/2017;Parlor1;1;2;0;8;;13/05/2017 12:54;06:26;13:00;4,58;0,00;1,95;;Unchecked;Unchecked
4551;3;129;1;13/05/2017;Parlor1;1;2;0;7;;13/05/2017 13:24;08:00;13:32;3,66;0,00;0,00;;Unchecked;Unchecked
4560;3;131;1;13/05/2017;Parlor1;1;2;0;6;;13/05/2017 13:25;08:00;13:33;4,04;0,00;0,00;;Unchecked;Unchecked
4581;4;134;1;13/05/2017;Parlor1;1;2;0;5;;13/05/2017 12:53;08:00;13:01;3,57;0,00;3,50;;Unchecked;Unchecked
4575;2;125;1;13/05/2017;Parlor1;1;2;0;5;;13/05/2017 14:04;08:00;14:12;0,00;0,00;0,00;;Unchecked;Unchecked
4537;2;125;1;13/05/2017;Parlor1;1;2;0;6;;13/05/2017 13:54;08:00;14:02;0,00;0,00;0,00;;Unchecked;Unchecked
4586;2;132;1;13/05/2017;Parlor1;1;2;0;7;;13/05/2017 14:01;08:00;14:09;0,00;0,00;0,00;;Unchecked;Unchecked
5409;3;130;1;13/05/2017;Parlor1;1;2;0;8;;13/05/2017 14:02;08:00;14:10;0,00;0,00;0,00;;Unchecked;Unchecked
4537;2;125;1;13/05/2017;Parlor1;1;3;1;3;;13/05/2017 16:43;07:43;16:51;3,65;100,00;0,00;;Unchecked;Unchecked
4585;2;127;1;13/05/2017;Parlor1;1;3;1;4;;13/05/2017 16:42;13:03;16:55;1,79;167,00;0,00;;Unchecked;Unchecked
4577;2;125;1;13/05/2017;Parlor1;1;3;1;2;;13/05/2017 16:43;12:27;16:55;1,48;100,00;0,00;;Unchecked;Unchecked
4582;3;129;1;13/05/2017;Parlor1;1;3;1;1;;13/05/2017 16:41;13:41;16:55;1,99;163,00;0,00;;Unchecked;Unchecked
4065;4;137;1;13/05/2017;Parlor1;1;3;0;3;;13/05/2017 15:58;07:43;16:06;1,23;0,00;0,00;;Unchecked;Unchecked
4066;3;132;1;13/05/2017;Parlor1;1;3;0;3;;13/05/2017 16:19;08:00;16:27;9,10;0,00;0,00;;Unchecked;Unchecked
4535;3;129;1;13/05/2017;Parlor1;1;3;0;1;;13/05/2017 16:21;08:00;16:29;2,98;0,00;0,00;;Unchecked;Unchecked
4546;4;134;1;13/05/2017;Parlor1;1;3;0;5;;13/05/2017 16:10;13:06;16:23;4,77;0,00;0,00;;Unchecked;Unchecked
4548;4;134;1;13/05/2017;Parlor1;1;3;0;4;;13/05/2017 15:58;13:42;16:11;4,45;0,00;1,80;;Unchecked;Unchecked
4550;4;133;1;13/05/2017;Parlor1;1;3;0;8;;13/05/2017 15:59;06:26;16:05;4,58;0,00;1,53;;Unchecked;Unchecked
4551;3;129;1;13/05/2017;Parlor1;1;3;0;7;;13/05/2017 16:09;10:07;16:19;3,66;0,00;0,00;;Unchecked;Unchecked
4573;4;132;1;13/05/2017;Parlor1;1;3;0;5;;13/05/2017 15:57;06:49;16:04;2,09;0,00;0,55;;Unchecked;Unchecked
4581;4;134;1;13/05/2017;Parlor1;1;3;0;1;;13/05/2017 15:56;17:42;16:14;3,57;0,00;1,05;;Unchecked;Unchecked
4583;4;135;1;13/05/2017;Parlor1;1;3;0;7;;13/05/2017 15:59;07:05;16:06;3,70;0,00;1,85;;Unchecked;Unchecked
4586;2;132;1;13/05/2017;Parlor1;1;3;0;4;;13/05/2017 16:20;29:20;16:49;5,64;0,00;0,00;;Unchecked;Unchecked
4587;4;137;1;13/05/2017;Parlor1;1;3;0;2;;13/05/2017 15:56;14:38;16:11;4,25;0,00;1,25;;Unchecked;Unchecked
5402;2;128;1;13/05/2017;Parlor1;1;3;0;8;;13/05/2017 16:10;11:23;16:21;2,68;0,00;0,00;;Unchecked;Unchecked
5403;3;130;1;13/05/2017;Parlor1;1;3;0;6;;13/05/2017 16:09;10:48;16:20;3,35;0,00;0,00;;Unchecked;Unchecked
5407;4;133;1;13/05/2017;Parlor1;1;3;0;6;;13/05/2017 15:57;08:00;16:05;5,99;0,00;1,20;;Unchecked;Unchecked
5409;3;130;1;13/05/2017;Parlor1;1;3;0;2;;13/05/2017 16:20;13:35;16:34;7,37;0,00;0,00;;Unchecked;Unchecked
4560;3;131;1;13/05/2017;Parlor1;1;3;0;5;;13/05/2017 16:33;08:00;16:41;0,00;0,00;0,00;;Unchecked;Unchecked
4525;3;129;1;13/05/2017;Parlor1;1;3;0;6;;13/05/2017 16:32;08:00;16:40;0,00;0,00;0,00;;Unchecked;Unchecked
4536;2;128;1;13/05/2017;Parlor1;1;3;0;7;;13/05/2017 16:32;08:00;16:40;0,00;0,00;0,00;;Unchecked;Unchecked
4575;2;125;1;13/05/2017;Parlor1;1;3;0;8;;13/05/2017 16:33;08:00;16:41;0,00;0,00;0,00;;Unchecked;Unchecked
4546;4;134;1;14/05/2017;Parlor1;1;1;1;3;;14/05/2017 08:08;12:11;08:20;12,11;119,00;1,30;;Unchecked;Unchecked
4587;4;137;1;14/05/2017;Parlor1;1;1;1;4;;14/05/2017 08:09;12:20;08:21;7,18;79,00;0,90;;Checked;Unchecked
4573;4;132;1;14/05/2017;Parlor1;1;1;1;2;;14/05/2017 08:07;09:00;08:16;3,67;81,00;0,85;;Unchecked;Unchecked
4581;4;134;1;14/05/2017;Parlor1;1;1;1;1;;14/05/2017 08:07;08:00;08:15;13,72;183,00;0,95;;Unchecked;Unchecked
4535;3;129;1;14/05/2017;Parlor1;1;1;2;8;;14/05/2017 08:36;14:03;08:50;5,85;92,00;0,00;;Unchecked;Unchecked
4551;3;129;1;14/05/2017;Parlor1;1;1;2;7;;14/05/2017 08:36;14:22;08:50;23,96;200,00;0,00;;Unchecked;Unchecked
5403;3;130;1;14/05/2017;Parlor1;1;1;2;6;;14/05/2017 08:35;14:38;08:50;5,65;100,00;0,00;;Unchecked;Unchecked
5407;4;133;1;14/05/2017;Parlor1;1;1;2;5;;14/05/2017 08:35;15:17;08:50;22,24;253,00;0,00;;Unchecked;Unchecked
5409;3;130;1;14/05/2017;Parlor1;1;1;3;3;;14/05/2017 08:46;13:13;09:00;11,15;117,00;2,43;;Unchecked;Unchecked
4586;2;132;1;14/05/2017;Parlor1;1;1;3;4;;14/05/2017 08:45;10:15;08:56;6,43;202,00;0,83;;Unchecked;Unchecked
4560;3;131;1;14/05/2017;Parlor1;1;1;3;2;;14/05/2017 08:46;14:49;09:01;14,91;158,00;1,38;;Unchecked;Unchecked
5402;2;128;1;14/05/2017;Parlor1;1;1;3;1;;14/05/2017 08:46;14:54;09:01;4,68;90,00;3,09;;Unchecked;Unchecked
4577;2;125;1;14/05/2017;Parlor1;1;1;4;8;;14/05/2017 08:58;15:07;09:13;5,47;100,00;0,65;;Unchecked;Unchecked
4545;2;124;1;14/05/2017;Parlor1;1;1;4;7;;14/05/2017 08:57;15:45;09:12;6,17;100,00;2,23;;Unchecked;Unchecked
4525;3;129;1;14/05/2017;Parlor1;1;1;4;6;;14/05/2017 08:56;16:13;09:12;9,82;134,00;1,83;;Unchecked;Unchecked
4066;3;132;1;14/05/2017;Parlor1;1;1;4;5;;14/05/2017 08:56;16:31;09:12;7,76;86,00;0,95;;Unchecked;Unchecked
4585;2;127;1;14/05/2017;Parlor1;1;1;5;3;;14/05/2017 09:11;11:36;09:22;10,61;152,00;3,48;;Unchecked;Unchecked
4575;2;125;1;14/05/2017;Parlor1;1;1;5;4;;14/05/2017 09:11;11:30;09:23;3,28;100,00;1,00;;Unchecked;Unchecked
4582;3;129;1;14/05/2017;Parlor1;1;1;5;2;;14/05/2017 09:08;15:31;09:23;12,16;168,00;0,13;;Unchecked;Unchecked
4537;2;125;1;14/05/2017;Parlor1;1;1;5;1;;14/05/2017 09:31;00:24;09:32;4,50;100,00;0,13;;Unchecked;Unchecked
4065;4;137;1;14/05/2017;Parlor1;1;1;0;8;;14/05/2017 08:11;08:00;08:19;1,28;0,00;0,40;;Unchecked;Unchecked
4548;4;134;1;14/05/2017;Parlor1;1;1;0;5;;14/05/2017 08:09;08:00;08:17;4,76;0,00;2,18;;Unchecked;Unchecked
4550;4;133;1;14/05/2017;Parlor1;1;1;0;7;;14/05/2017 08:10;06:26;08:16;5,41;0,00;0,90;;Unchecked;Unchecked
4583;4;135;1;14/05/2017;Parlor1;1;1;0;6;;14/05/2017 08:09;16:00;08:25;6,19;0,00;2,48;;Unchecked;Unchecked
4536;2;128;1;14/05/2017;Parlor1;1;1;0;5;;14/05/2017 09:22;11:44;09:34;3,60;0,00;3,13;;Unchecked;Unchecked
4587;4;137;1;14/05/2017;Parlor1;1;2;1;3;;14/05/2017 12:52;11:11;13:03;5,16;188,00;0,75;;Unchecked;Unchecked
5407;4;133;1;14/05/2017;Parlor1;1;2;1;4;;14/05/2017 12:53;10:21;13:03;5,29;222,00;0,85;;Unchecked;Unchecked
4583;4;135;1;14/05/2017;Parlor1;1;2;1;1;;14/05/2017 12:51;11:52;13:03;4,64;194,00;2,25;;Unchecked;Unchecked
4065;4;137;1;14/05/2017;Parlor1;1;2;2;8;;14/05/2017 12:57;04:43;13:02;1,85;250,00;0,18;;Unchecked;Unchecked
4546;4;134;1;14/05/2017;Parlor1;1;2;2;7;;14/05/2017 12:56;08:04;13:04;5,55;179,00;1,05;;Unchecked;Unchecked
4550;4;133;1;14/05/2017;Parlor1;1;2;2;6;;14/05/2017 12:55;22:09;13:18;6,80;216,00;1,15;;Unchecked;Unchecked
4581;4;134;1;14/05/2017;Parlor1;1;2;2;5;;14/05/2017 12:55;24:14;13:19;4,35;189,00;1,05;;Unchecked;Unchecked
5403;3;130;1;14/05/2017;Parlor1;1;2;3;3;;14/05/2017 13:11;04:53;13:16;3,04;182,00;2,40;;Unchecked;Unchecked
4551;3;129;1;14/05/2017;Parlor1;1;2;3;4;;14/05/2017 13:12;05:23;13:17;4,21;202,00;1,58;;Unchecked;Unchecked
5402;2;128;1;14/05/2017;Parlor1;1;2;3;2;;14/05/2017 13:11;05:26;13:16;2,53;173,00;2,08;;Unchecked;Unchecked
4548;4;134;1;14/05/2017;Parlor1;1;2;3;1;;14/05/2017 13:11;05:46;13:16;6,46;216,00;2,08;;Unchecked;Unchecked
4560;3;131;1;14/05/2017;Parlor1;1;2;4;3;;14/05/2017 13:31;12:16;13:44;4,18;155,00;0,75;;Unchecked;Unchecked
4535;3;129;1;14/05/2017;Parlor1;1;2;4;4;;14/05/2017 13:32;11:49;13:44;3,44;172,00;0,73;;Unchecked;Unchecked
4586;2;132;1;14/05/2017;Parlor1;1;2;4;2;;14/05/2017 13:31;12:44;13:44;2,48;255,00;1,65;;Unchecked;Unchecked
5409;3;130;1;14/05/2017;Parlor1;1;2;4;1;;14/05/2017 14:01;13:05;14:14;3,58;124,00;2,80;;Unchecked;Unchecked
4575;2;125;1;14/05/2017;Parlor1;1;2;5;3;;14/05/2017 14:03;11:39;14:14;4,42;100,00;0,98;;Unchecked;Unchecked
4582;3;129;1;14/05/2017;Parlor1;1;2;5;4;;14/05/2017 14:04;11:45;14:15;3,97;174,00;1,23;;Unchecked;Unchecked
4537;2;125;1;14/05/2017;Parlor1;1;2;5;2;;14/05/2017 14:02;23:27;14:25;0,61;100,00;0,00;;Unchecked;Unchecked
4536;2;128;1;14/05/2017;Parlor1;1;2;5;1;;14/05/2017 14:05;19:56;14:25;3,55;147,00;0,20;;Unchecked;Unchecked
4066;3;132;1;14/05/2017;Parlor1;1;2;0;5;;14/05/2017 14:06;07:16;14:14;4,62;0,00;0,75;;Unchecked;Unchecked
4525;3;129;1;14/05/2017;Parlor1;1;2;0;6;;14/05/2017 13:37;14:01;13:51;5,31;0,00;1,25;;Unchecked;Unchecked
4577;2;125;1;14/05/2017;Parlor1;1;2;0;7;;14/05/2017 13:37;10:45;13:48;2,25;0,00;0,68;;Unchecked;Unchecked
4545;2;124;1;14/05/2017;Parlor1;1;2;0;8;;14/05/2017 13:38;11:05;13:49;0,00;0,00;0,18;;Unchecked;Unchecked
4546;4;134;1;14/05/2017;Parlor1;1;3;1;3;;14/05/2017 15:45;04:24;15:50;3,03;171,00;1,25;;Unchecked;Unchecked
5407;4;133;1;14/05/2017;Parlor1;1;3;1;4;;14/05/2017 15:38;08:22;15:47;2,32;150,00;0,85;;Unchecked;Unchecked
4587;4;137;1;14/05/2017;Parlor1;1;3;1;2;;14/05/2017 15:38;10:13;15:48;5,52;200,00;0,45;;Unchecked;Unchecked
4583;4;135;1;14/05/2017;Parlor1;1;3;1;1;;14/05/2017 15:38;06:50;15:44;2,45;172,00;1,80;;Unchecked;Unchecked
5409;3;130;1;14/05/2017;Parlor1;1;3;2;3;;14/05/2017 15:54;05:56;16:00;1,58;139,00;1,45;;Unchecked;Unchecked
4551;3;129;1;14/05/2017;Parlor1;1;3;2;4;;14/05/2017 15:54;05:33;16:00;2,19;180,00;1,48;;Unchecked;Unchecked
5403;3;130;1;14/05/2017;Parlor1;1;3;2;2;;14/05/2017 15:53;06:20;16:00;2,28;235,00;2,03;;Unchecked;Unchecked
4573;4;132;1;14/05/2017;Parlor1;1;3;2;1;;14/05/2017 15:53;01:49;15:55;0,44;19,00;0,40;;Checked;Unchecked
4065;4;137;1;14/05/2017;Parlor1;1;3;3;8;;14/05/2017 15:42;05:11;15:47;1,43;200,00;0,48;;Unchecked;Unchecked
4581;4;134;1;14/05/2017;Parlor1;1;3;3;7;;14/05/2017 15:41;23:44;16:04;4,03;200,00;0,90;;Unchecked;Unchecked
4550;4;133;1;14/05/2017;Parlor1;1;3;3;6;;14/05/2017 15:40;22:03;16:02;2,55;140,00;0,80;;Unchecked;Unchecked
4548;4;134;1;14/05/2017;Parlor1;1;3;3;5;;14/05/2017 15:39;23:14;16:02;4,65;200,00;0,83;;Unchecked;Unchecked
4577;2;125;1;14/05/2017;Parlor1;1;3;4;3;;14/05/2017 16:21;21:15;16:43;1,33;100,00;0,90;;Unchecked;Unchecked
4575;2;125;1;14/05/2017;Parlor1;1;3;4;4;;14/05/2017 16:20;14:53;16:35;0,24;100,00;0,08;;Unchecked;Unchecked
4525;3;129;1;14/05/2017;Parlor1;1;3;4;2;;14/05/2017 16:22;09:18;16:31;1,92;59,00;0,78;;Checked;Unchecked
4066;3;132;1;14/05/2017;Parlor1;1;3;4;1;;14/05/2017 16:19;11:11;16:30;3,05;72,00;0,50;;Checked;Unchecked
4535;3;129;1;14/05/2017;Parlor1;1;3;0;8;;14/05/2017 16:14;09:26;16:24;3,29;0,00;0,25;;Unchecked;Unchecked
4582;3;129;1;14/05/2017;Parlor1;1;3;0;1;;14/05/2017 16:50;11:26;17:01;3,72;0,00;1,40;;Unchecked;Unchecked
4586;2;132;1;14/05/2017;Parlor1;1;3;0;6;;14/05/2017 16:13;12:05;16:25;4,94;0,00;0,73;;Unchecked;Unchecked
5402;2;128;1;14/05/2017;Parlor1;1;3;0;7;;14/05/2017 16:13;11:41;16:25;2,67;0,00;0,70;;Unchecked;Unchecked
4537;2;125;1;14/05/2017;Parlor1;1;3;0;5;;14/05/2017 16:37;08:00;16:45;0,00;0,00;0,00;;Unchecked;Unchecked
4545;2;124;1;14/05/2017;Parlor1;1;3;0;6;;14/05/2017 16:42;17:34;17:00;0,00;0,00;0,00;;Unchecked;Unchecked
4536;2;128;1;14/05/2017;Parlor1;1;3;0;7;;14/05/2017 16:43;08:00;16:51;0,00;0,00;0,00;;Unchecked;Unchecked
4585;2;127;1;14/05/2017;Parlor1;1;3;0;8;;14/05/2017 16:41;08:00;16:49;0,00;0,00;0,00;;Unchecked;Unchecked
4583;4;135;1;15/05/2017;Parlor1;1;1;2;1;;15/05/2017 08:18;00:54;08:19;12,12;150,00;3,60;;Unchecked;Unchecked
4587;4;137;1;15/05/2017;Parlor1;1;1;2;3;;15/05/2017 08:17;15:21;08:32;8,46;83,00;1,18;;Unchecked;Unchecked
4573;4;132;1;15/05/2017;Parlor1;1;1;2;4;;15/05/2017 08:17;08:13;08:25;3,78;76,00;0,65;;Checked;Unchecked
4548;4;134;1;15/05/2017;Parlor1;1;1;2;2;;15/05/2017 08:16;20:37;08:37;13,23;132,00;1,80;;Unchecked;Unchecked
4535;3;129;1;15/05/2017;Parlor1;1;1;3;3;;15/05/2017 08:42;14:07;08:56;6,93;103,00;2,35;;Unchecked;Unchecked
4560;3;131;1;15/05/2017;Parlor1;1;1;3;4;;15/05/2017 08:42;17:00;08:59;14,73;136,00;1,10;;Unchecked;Unchecked
4551;3;129;1;15/05/2017;Parlor1;1;1;3;2;;15/05/2017 08:42;13:57;08:56;12,93;134,00;1,90;;Unchecked;Unchecked
5407;4;133;1;15/05/2017;Parlor1;1;1;3;1;;15/05/2017 08:42;15:37;08:58;13,55;111,00;0,70;;Unchecked;Unchecked
4525;3;129;1;15/05/2017;Parlor1;1;1;1;8;;15/05/2017 08:52;09:26;09:01;10,38;135,00;0,00;;Unchecked;Unchecked
4586;2;132;1;15/05/2017;Parlor1;1;1;1;7;;15/05/2017 08:52;11:41;09:04;7,27;146,00;0,00;;Unchecked;Unchecked
5403;3;130;1;15/05/2017;Parlor1;1;1;1;6;;15/05/2017 08:52;12:05;09:04;6,95;100,00;0,00;;Unchecked;Unchecked
4066;3;132;1;15/05/2017;Parlor1;1;1;1;5;;15/05/2017 08:51;12:49;09:04;21,32;207,00;0,00;;Unchecked;Unchecked
4577;2;125;1;15/05/2017;Parlor1;1;1;4;3;;15/05/2017 09:05;10:42;09:16;5,05;137,00;0,60;;Unchecked;Unchecked
4585;2;127;1;15/05/2017;Parlor1;1;1;4;4;;15/05/2017 09:05;13:36;09:18;10,38;128,00;3,77;;Unchecked;Unchecked
5409;3;130;1;15/05/2017;Parlor1;1;1;4;2;;15/05/2017 09:04;27:04;09:32;11,61;117,00;2,33;;Unchecked;Unchecked
5402;2;128;1;15/05/2017;Parlor1;1;1;4;1;;15/05/2017 09:04;11:28;09:15;4,68;85,00;2,88;;Unchecked;Unchecked
4536;2;128;1;15/05/2017;Parlor1;1;1;5;8;;15/05/2017 09:20;08:59;09:29;10,82;219,00;3,23;;Unchecked;Unchecked
4575;2;125;1;15/05/2017;Parlor1;1;1;5;6;;15/05/2017 09:20;11:04;09:31;6,39;123,00;0,00;;Unchecked;Unchecked
4582;3;129;1;15/05/2017;Parlor1;1;1;5;5;;15/05/2017 09:19;08:25;09:27;10,70;128,00;1,93;;Unchecked;Unchecked
4545;2;124;1;15/05/2017;Parlor1;1;1;7;3;;15/05/2017 09:26;06:13;09:32;8,82;100,00;2,08;;Unchecked;Unchecked
4065;4;137;1;15/05/2017;Parlor1;1;1;0;7;;15/05/2017 08:19;08:00;08:27;1,30;0,00;2,38;;Unchecked;Unchecked
4550;4;133;1;15/05/2017;Parlor1;1;1;0;6;;15/05/2017 08:18;06:26;08:25;5,87;0,00;7,00;;Unchecked;Unchecked
4581;4;134;1;15/05/2017;Parlor1;1;1;0;5;;15/05/2017 08:18;08:00;08:26;4,66;0,00;3,17;;Unchecked;Unchecked
4581;4;134;1;15/05/2017;Parlor1;1;2;1;3;;15/05/2017 12:46;10:50;12:57;4,76;185,00;0,90;;Unchecked;Unchecked
4065;4;137;1;15/05/2017;Parlor1;1;2;1;4;;15/05/2017 12:53;05:21;12:58;0,03;4,00;0,00;;Checked;Unchecked
4546;4;134;1;15/05/2017;Parlor1;1;2;1;2;;15/05/2017 12:46;11:26;12:57;5,96;49,00;0,60;;Checked;Unchecked
4583;4;135;1;15/05/2017;Parlor1;1;2;1;1;;15/05/2017 12:45;09:05;12:54;4,50;197,00;2,18;;Unchecked;Unchecked
4535;3;129;1;15/05/2017;Parlor1;1;2;3;8;;15/05/2017 13:06;06:30;13:13;2,68;77,00;0,00;;Checked;Unchecked
5402;2;128;1;15/05/2017;Parlor1;1;2;3;7;;15/05/2017 12:56;13:05;13:10;1,33;47,00;0,98;;Checked;Unchecked
4551;3;129;1;15/05/2017;Parlor1;1;2;3;6;;15/05/2017 12:56;14:29;13:10;3,86;77,00;2,05;;Checked;Unchecked
4573;4;132;1;15/05/2017;Parlor1;1;2;3;5;;15/05/2017 12:55;03:42;12:59;2,02;78,00;0,98;;Checked;Unchecked
4560;3;131;1;15/05/2017;Parlor1;1;2;4;3;;15/05/2017 13:05;06:47;13:12;4,30;149,00;0,95;;Unchecked;Unchecked
5403;3;130;1;15/05/2017;Parlor1;1;2;4;4;;15/05/2017 13:04;04:48;13:09;2,80;150,00;0,00;;Unchecked;Unchecked
4586;2;132;1;15/05/2017;Parlor1;1;2;4;2;;15/05/2017 13:04;07:12;13:12;2,33;173,00;1,13;;Unchecked;Unchecked
4066;3;132;1;15/05/2017;Parlor1;1;2;4;1;;15/05/2017 13:05;06:37;13:12;5,32;189,00;1,03;;Unchecked;Unchecked
4536;2;128;1;15/05/2017;Parlor1;1;2;5;3;;15/05/2017 13:21;09:51;13:31;4,35;200,00;1,73;;Unchecked;Unchecked
4582;3;129;1;15/05/2017;Parlor1;1;2;5;4;;15/05/2017 13:22;10:31;13:32;4,69;217,00;1,13;;Unchecked;Unchecked
4525;3;129;1;15/05/2017;Parlor1;1;2;5;2;;15/05/2017 13:21;10:26;13:31;3,23;145,00;1,33;;Unchecked;Unchecked
5409;3;130;1;15/05/2017;Parlor1;1;2;5;1;;15/05/2017 13:20;08:33;13:29;3,33;124,00;2,48;;Unchecked;Unchecked
4545;2;124;1;15/05/2017;Parlor1;1;2;6;8;;15/05/2017 13:22;04:44;13:27;3,76;100,00;0,35;;Unchecked;Unchecked
4575;2;125;1;15/05/2017;Parlor1;1;2;6;7;;15/05/2017 13:23;07:20;13:30;2,55;193,00;0,00;;Unchecked;Unchecked
4585;2;127;1;15/05/2017;Parlor1;1;2;6;6;;15/05/2017 13:23;07:00;13:30;4,16;216,00;3,00;;Unchecked;Unchecked
4577;2;125;1;15/05/2017;Parlor1;1;2;6;5;;15/05/2017 13:23;07:33;13:30;1,89;189,00;0,55;;Unchecked;Unchecked
4548;4;134;1;15/05/2017;Parlor1;1;2;0;5;;15/05/2017 12:47;09:09;12:57;5,15;0,00;1,50;;Unchecked;Unchecked
4550;4;133;1;15/05/2017;Parlor1;1;2;0;7;;15/05/2017 12:49;06:26;12:55;5,87;0,00;1,35;;Unchecked;Unchecked
4587;4;137;1;15/05/2017;Parlor1;1;2;0;6;;15/05/2017 12:48;08:37;12:57;5,24;0,00;1,05;;Unchecked;Unchecked
5407;4;133;1;15/05/2017;Parlor1;1;2;0;8;;15/05/2017 12:49;07:28;12:57;6,18;0,00;1,13;;Unchecked;Unchecked
4537;2;125;1;15/05/2017;Parlor1;1;2;0;8;;15/05/2017 13:39;08:46;13:47;0,61;0,00;0,00;;Unchecked;Unchecked
4586;2;132;1;15/05/2017;Parlor1;1;3;1;3;;15/05/2017 15:38;04:45;15:43;0,95;118,00;0,55;;Unchecked;Unchecked
4551;3;129;1;15/05/2017;Parlor1;1;3;1;4;;15/05/2017 15:37;05:35;15:43;2,24;136,00;1,50;;Unchecked;Unchecked
5409;3;130;1;15/05/2017;Parlor1;1;3;1;2;;15/05/2017 15:38;05:01;15:43;1,60;113,00;1,30;;Unchecked;Unchecked
5403;3;130;1;15/05/2017;Parlor1;1;3;1;1;;15/05/2017 15:37;06:13;15:43;1,60;142,00;1,40;;Unchecked;Unchecked
4066;3;132;1;15/05/2017;Parlor1;1;3;2;8;;15/05/2017 15:39;09:23;15:49;2,72;162,00;1,03;;Unchecked;Unchecked
4525;3;129;1;15/05/2017;Parlor1;1;3;2;7;;15/05/2017 15:39;10:05;15:49;1,49;133,00;0,00;;Unchecked;Unchecked
4560;3;131;1;15/05/2017;Parlor1;1;3;2;6;;15/05/2017 15:39;10:07;15:49;2,91;175,00;0,70;;Unchecked;Unchecked
5402;2;128;1;15/05/2017;Parlor1;1;3;2;5;;15/05/2017 15:38;05:54;15:44;2,36;253,00;2,15;;Unchecked;Unchecked
4587;4;137;1;15/05/2017;Parlor1;1;3;3;3;;15/05/2017 15:46;05:10;15:51;4,44;228,00;1,58;;Unchecked;Unchecked
4583;4;135;1;15/05/2017;Parlor1;1;3;3;4;;15/05/2017 15:46;08:26;15:55;2,55;162,00;1,55;;Unchecked;Unchecked
5407;4;133;1;15/05/2017;Parlor1;1;3;3;2;;15/05/2017 15:46;04:14;15:50;2,23;97,00;0,75;;Unchecked;Unchecked
4535;3;129;1;15/05/2017;Parlor1;1;3;3;1;;15/05/2017 15:47;05:14;15:52;2,08;179,00;1,05;;Unchecked;Unchecked
4537;2;125;1;15/05/2017;Parlor1;1;3;4;3;;15/05/2017 16:03;10:52;16:14;2,35;100,00;0,13;;Unchecked;Unchecked
4536;2;128;1;15/05/2017;Parlor1;1;3;4;4;;15/05/2017 16:04;07:56;16:12;2,11;200,00;1,00;;Unchecked;Unchecked
4548;4;134;1;15/05/2017;Parlor1;1;3;4;2;;15/05/2017 16:04;10:50;16:14;4,78;226,00;0,75;;Unchecked;Unchecked
4546;4;134;1;15/05/2017;Parlor1;1;3;4;1;;15/05/2017 16:03;08:51;16:12;3,49;151,00;1,13;;Unchecked;Unchecked
4581;4;134;1;15/05/2017;Parlor1;1;3;5;8;;15/05/2017 15:56;28:03;16:24;5,54;200,00;1,15;;Unchecked;Unchecked
4550;4;133;1;15/05/2017;Parlor1;1;3;5;7;;15/05/2017 15:56;10:53;16:07;3,22;143,00;1,08;;Unchecked;Unchecked
4065;4;137;1;15/05/2017;Parlor1;1;3;5;6;;15/05/2017 15:55;09:24;16:05;2,22;200,00;0,15;;Unchecked;Unchecked
4573;4;132;1;15/05/2017;Parlor1;1;3;5;5;;15/05/2017 15:55;12:32;16:07;1,31;137,00;0,83;;Unchecked;Unchecked
4582;3;129;1;15/05/2017;Parlor1;1;3;6;5;;15/05/2017 16:29;05:22;16:34;2,65;158,00;1,18;;Unchecked;Unchecked
4577;2;125;1;15/05/2017;Parlor1;1;3;7;3;;15/05/2017 16:21;13:36;16:35;1,69;244,00;0,80;;Unchecked;Unchecked
4545;2;124;1;15/05/2017;Parlor1;1;3;7;4;;15/05/2017 16:22;10:19;16:33;2,40;100,00;0,58;;Unchecked;Unchecked
4575;2;125;1;15/05/2017;Parlor1;1;3;7;2;;15/05/2017 16:21;14:48;16:36;3,68;200,00;0,65;;Unchecked;Unchecked
4585;2;127;1;15/05/2017;Parlor1;1;3;7;1;;15/05/2017 16:20;13:05;16:34;2,17;164,00;1,88;;Unchecked;Unchecked
4587;4;137;1;16/05/2017;Parlor1;1;1;1;3;;16/05/2017 08:21;18:52;08:40;14,04;125,00;0,40;;Unchecked;Unchecked
4573;4;132;1;16/05/2017;Parlor1;1;1;1;4;;16/05/2017 08:21;14:00;08:35;3,66;73,00;0,70;;Checked;Unchecked
4546;4;134;1;16/05/2017;Parlor1;1;1;1;2;;16/05/2017 08:22;11:30;08:34;11,61;106,00;1,18;;Unchecked;Unchecked
4583;4;135;1;16/05/2017;Parlor1;1;1;1;1;;16/05/2017 08:21;14:41;08:36;10,63;118,00;2,95;;Unchecked;Unchecked
4065;4;137;1;16/05/2017;Parlor1;1;1;2;8;;16/05/2017 08:20;09:50;08:30;2,94;121,00;0,78;;Unchecked;Unchecked
4550;4;133;1;16/05/2017;Parlor1;1;1;2;7;;16/05/2017 08:20;17:18;08:37;13,43;116,00;0,95;;Unchecked;Unchecked
5407;4;133;1;16/05/2017;Parlor1;1;1;2;6;;16/05/2017 08:19;17:53;08:37;13,39;102,00;0,85;;Unchecked;Unchecked
4581;4;134;1;16/05/2017;Parlor1;1;1;2;5;;16/05/2017 08:19;08:00;08:27;14,63;156,00;0,80;;Unchecked;Unchecked
4525;3;129;1;16/05/2017;Parlor1;1;1;3;3;;16/05/2017 08:47;14:16;09:01;10,77;132,00;2,30;;Unchecked;Unchecked
5402;2;128;1;16/05/2017;Parlor1;1;1;3;4;;16/05/2017 08:47;07:37;08:54;1,98;36,00;0,03;;Checked;Unchecked
4066;3;132;1;16/05/2017;Parlor1;1;1;3;2;;16/05/2017 08:46;16:15;09:02;10,17;80,00;0,90;;Unchecked;Unchecked
4548;4;134;1;16/05/2017;Parlor1;1;1;3;1;;16/05/2017 08:46;17:26;09:03;15,08;132,00;1,93;;Unchecked;Unchecked
4560;3;131;1;16/05/2017;Parlor1;1;1;4;8;;16/05/2017 08:59;19:13;09:18;15,94;120,00;1,48;;Unchecked;Unchecked
4535;3;129;1;16/05/2017;Parlor1;1;1;4;7;;16/05/2017 08:57;16:36;09:14;5,03;72,00;1,68;;Checked;Unchecked
4551;3;129;1;16/05/2017;Parlor1;1;1;4;6;;16/05/2017 08:58;19:34;09:17;12,16;106,00;2,55;;Unchecked;Unchecked
5403;3;130;1;16/05/2017;Parlor1;1;1;4;5;;16/05/2017 08:58;19:49;09:18;11,66;141,00;3,25;;Unchecked;Unchecked
4545;2;124;1;16/05/2017;Parlor1;1;1;5;3;;16/05/2017 09:13;06:39;09:19;9,50;97,00;2,08;;Unchecked;Unchecked
4537;2;125;1;16/05/2017;Parlor1;1;1;5;4;;16/05/2017 09:13;17:26;09:31;1,93;80,00;0,03;;Unchecked;Unchecked
4586;2;132;1;16/05/2017;Parlor1;1;1;5;2;;16/05/2017 09:12;13:04;09:25;7,91;132,00;1,13;;Unchecked;Unchecked
5409;3;130;1;16/05/2017;Parlor1;1;1;5;1;;16/05/2017 09:13;12:03;09:25;11,91;116,00;2,55;;Unchecked;Unchecked
4575;2;125;1;16/05/2017;Parlor1;1;1;6;7;;16/05/2017 09:25;15:23;09:41;7,85;116,00;0,00;;Unchecked;Unchecked
4577;2;125;1;16/05/2017;Parlor1;1;1;6;8;;16/05/2017 09:25;15:23;09:40;5,30;122,00;0,60;;Unchecked;Unchecked
4528;2;122;1;16/05/2017;Parlor1;1;1;6;6;;16/05/2017 09:27;12:15;09:39;0,92;100,00;0,83;;Unchecked;Unchecked
4582;3;129;1;16/05/2017;Parlor1;1;1;6;5;;16/05/2017 09:24;16:22;09:40;13,22;147,00;0,03;;Unchecked;Unchecked
4585;2;127;1;16/05/2017;Parlor1;1;1;7;3;;16/05/2017 09:38;11:01;09:49;12,17;150,00;4,48;;Unchecked;Unchecked
4536;2;128;1;16/05/2017;Parlor1;1;1;7;4;;16/05/2017 09:38;10:41;09:49;13,16;188,00;2,69;;Unchecked;Unchecked
5407;4;133;1;16/05/2017;Parlor1;1;2;1;3;;16/05/2017 12:53;10:55;13:04;4,01;106,00;1,20;;Unchecked;Unchecked
4550;4;133;1;16/05/2017;Parlor1;1;2;1;4;;16/05/2017 12:53;10:41;13:04;5,87;177,00;0,80;;Unchecked;Unchecked
4546;4;134;1;16/05/2017;Parlor1;1;2;1;2;;16/05/2017 12:53;07:55;13:01;6,28;200,00;0,95;;Unchecked;Unchecked
4587;4;137;1;16/05/2017;Parlor1;1;2;1;1;;16/05/2017 12:53;13:06;13:06;4,31;134,00;1,10;;Unchecked;Unchecked
4065;4;137;1;16/05/2017;Parlor1;1;2;2;8;;16/05/2017 12:54;16:27;13:10;2,05;200,00;0,00;;Unchecked;Unchecked
4573;4;132;1;16/05/2017;Parlor1;1;2;2;7;;16/05/2017 12:55;09:22;13:04;2,71;189,00;0,90;;Unchecked;Unchecked
4583;4;135;1;16/05/2017;Parlor1;1;2;2;6;;16/05/2017 12:54;10:04;13:04;4,27;165,00;2,03;;Unchecked;Unchecked
4581;4;134;1;16/05/2017;Parlor1;1;2;2;5;;16/05/2017 12:54;20:40;13:14;6,21;228,00;0,85;;Unchecked;Unchecked
4551;3;129;1;16/05/2017;Parlor1;1;2;3;3;;16/05/2017 13:13;12:44;13:26;4,72;154,00;2,30;;Unchecked;Unchecked
4560;3;131;1;16/05/2017;Parlor1;1;2;3;4;;16/05/2017 13:13;12:15;13:25;4,05;115,00;0,58;;Unchecked;Unchecked
5403;3;130;1;16/05/2017;Parlor1;1;2;3;2;;16/05/2017 13:13;12:55;13:26;3,18;144,00;2,05;;Unchecked;Unchecked
4548;4;134;1;16/05/2017;Parlor1;1;2;3;1;;16/05/2017 13:13;13:05;13:26;5,91;183,00;1,10;;Unchecked;Unchecked
4066;3;132;1;16/05/2017;Parlor1;1;2;4;8;;16/05/2017 13:24;16:34;13:40;5,03;136,00;1,03;;Unchecked;Unchecked
4525;3;129;1;16/05/2017;Parlor1;1;2;4;7;;16/05/2017 13:23;16:56;13:40;3,69;156,00;1,73;;Unchecked;Unchecked
4535;3;129;1;16/05/2017;Parlor1;1;2;4;6;;16/05/2017 13:23;17:09;13:40;4,06;209,00;1,13;;Unchecked;Unchecked
5409;3;130;1;16/05/2017;Parlor1;1;2;4;5;;16/05/2017 13:22;17:39;13:40;3,48;130,00;2,79;;Unchecked;Unchecked
4585;2;127;1;16/05/2017;Parlor1;1;2;5;3;;16/05/2017 13:37;13:23;13:51;3,29;162,00;2,80;;Unchecked;Unchecked
4582;3;129;1;16/05/2017;Parlor1;1;2;5;4;;16/05/2017 13:36;14:01;13:50;3,65;144,00;1,25;;Unchecked;Unchecked
5402;2;128;1;16/05/2017;Parlor1;1;2;5;2;;16/05/2017 13:37;14:40;13:52;2,83;169,00;0,03;;Unchecked;Unchecked
4586;2;132;1;16/05/2017;Parlor1;1;2;5;1;;16/05/2017 13:35;14:21;13:49;2,11;121,00;1,03;;Unchecked;Unchecked
4537;2;125;1;16/05/2017;Parlor1;1;2;6;8;;16/05/2017 13:48;13:54;14:02;2,74;200,00;0,00;;Unchecked;Unchecked
4545;2;124;1;16/05/2017;Parlor1;1;2;6;7;;16/05/2017 13:50;11:16;14:02;4,51;157,00;0,98;;Unchecked;Unchecked
4575;2;125;1;16/05/2017;Parlor1;1;2;6;6;;16/05/2017 13:49;12:17;14:02;4,25;226,00;0,75;;Unchecked;Unchecked
4577;2;125;1;16/05/2017;Parlor1;1;2;6;5;;16/05/2017 13:49;12:05;14:01;2,65;219,00;0,80;;Unchecked;Unchecked
5408;5;121;1;16/05/2017;Parlor1;1;2;7;3;;16/05/2017 14:03;09:30;14:13;3,33;100,00;0,30;;Unchecked;Unchecked
4536;2;128;1;16/05/2017;Parlor1;1;2;7;2;;16/05/2017 13:56;12:27;14:08;4,22;224,00;2,18;;Unchecked;Unchecked
4528;2;122;1;16/05/2017;Parlor1;1;2;7;1;;16/05/2017 13:56;16:09;14:12;0,79;100,00;0,00;;Unchecked;Unchecked
4065;4;137;1;16/05/2017;Parlor1;1;3;1;8;;16/05/2017 15:42;07:35;15:50;0,77;179,00;0,00;;Unchecked;Unchecked
4550;4;133;1;16/05/2017;Parlor1;1;3;1;7;;16/05/2017 15:42;10:41;15:52;2,71;132,00;0,60;;Unchecked;Unchecked
4587;4;137;1;16/05/2017;Parlor1;1;3;1;6;;16/05/2017 15:41;10:52;15:52;2,18;109,00;0,50;;Unchecked;Unchecked
4548;4;134;1;16/05/2017;Parlor1;1;3;1;5;;16/05/2017 15:41;11:42;15:52;2,82;159,00;0,25;;Unchecked;Unchecked
4581;4;134;1;16/05/2017;Parlor1;1;3;2;3;;16/05/2017 15:40;19:24;15:59;3,14;190,00;0,65;;Unchecked;Unchecked
4573;4;132;1;16/05/2017;Parlor1;1;3;2;4;;16/05/2017 15:40;07:17;15:48;0,61;70,00;0,40;;Checked;Unchecked
5407;4;133;1;16/05/2017;Parlor1;1;3;2;2;;16/05/2017 15:40;07:52;15:48;2,38;103,00;1,20;;Unchecked;Unchecked
4546;4;134;1;16/05/2017;Parlor1;1;3;2;1;;16/05/2017 16:03;35:54;16:39;2,79;143,00;0,00;;Unchecked;Unchecked
5402;2;128;1;16/05/2017;Parlor1;1;3;3;8;;16/05/2017 15:59;07:52;16:07;1,12;136,00;0,80;;Unchecked;Unchecked
4535;3;129;1;16/05/2017;Parlor1;1;3;3;7;;16/05/2017 15:58;14:13;16:13;1,78;156,00;0,20;;Unchecked;Unchecked
5403;3;130;1;16/05/2017;Parlor1;1;3;3;6;;16/05/2017 15:58;13:51;16:12;2,09;145,00;1,85;;Unchecked;Unchecked
4583;4;135;1;16/05/2017;Parlor1;1;3;3;5;;16/05/2017 15:58;15:27;16:13;3,12;175,00;2,05;;Unchecked;Unchecked
4586;2;132;1;16/05/2017;Parlor1;1;3;4;3;;16/05/2017 16:05;19:41;16:25;0,96;102,00;0,55;;Unchecked;Unchecked
5409;3;130;1;16/05/2017;Parlor1;1;3;4;4;;16/05/2017 16:05;19:52;16:25;2,10;119,00;1,73;;Unchecked;Unchecked
4066;3;132;1;16/05/2017;Parlor1;1;3;4;2;;16/05/2017 16:05;03:25;16:08;1,86;85,00;1,03;;Unchecked;Unchecked
4551;3;129;1;16/05/2017;Parlor1;1;3;4;1;;16/05/2017 16:05;19:41;16:25;2,52;121,00;1,30;;Unchecked;Unchecked
4537;2;125;1;16/05/2017;Parlor1;1;3;5;8;;16/05/2017 16:22;14:11;16:36;4,71;200,00;2,55;;Unchecked;Unchecked
4577;2;125;1;16/05/2017;Parlor1;1;3;5;7;;16/05/2017 16:22;13:39;16:36;1,85;200,00;0,85;;Unchecked;Unchecked
4560;3;131;1;16/05/2017;Parlor1;1;3;5;6;;16/05/2017 16:22;14:09;16:36;3,05;116,00;0,00;;Unchecked;Unchecked
4525;3;129;1;16/05/2017;Parlor1;1;3;5;5;;16/05/2017 16:21;14:51;16:36;2,03;130,00;0,00;;Unchecked;Unchecked
4536;2;128;1;16/05/2017;Parlor1;1;3;6;3;;16/05/2017 16:37;16:40;16:54;2,58;226,00;1,13;;Unchecked;Unchecked
4545;2;124;1;16/05/2017;Parlor1;1;3;6;4;;16/05/2017 17:08;05:35;17:13;1,81;107,00;0,00;;Unchecked;Unchecked
4582;3;129;1;16/05/2017;Parlor1;1;3;6;2;;16/05/2017 16:35;18:47;16:54;2,60;154,00;0,03;;Unchecked;Unchecked
4575;2;125;1;16/05/2017;Parlor1;1;3;6;1;;16/05/2017 16:35;18:54;16:54;1,65;142,00;0,68;;Unchecked;Unchecked
5408;5;121;1;16/05/2017;Parlor1;1;3;7;7;;16/05/2017 16:53;08:23;17:01;3,33;100,00;0,03;;Unchecked;Unchecked
4528;2;122;1;16/05/2017;Parlor1;1;3;7;6;;16/05/2017 16:52;09:32;17:02;0,55;100,00;0,45;;Unchecked;Unchecked
4585;2;127;1;16/05/2017;Parlor1;1;3;7;5;;16/05/2017 16:45;05:02;16:50;2,17;134,00;0,73;;Unchecked;Unchecked
4548;4;134;1;17/05/2017;Parlor1;1;1;1;3;;17/05/2017 08:15;13:13;08:28;14,62;123,00;2,23;;Unchecked;Unchecked
4583;4;135;1;17/05/2017;Parlor1;1;1;1;4;;17/05/2017 08:15;11:37;08:27;12,47;134,00;2,13;;Unchecked;Unchecked
4550;4;133;1;17/05/2017;Parlor1;1;1;1;2;;17/05/2017 08:14;14:04;08:29;11,57;96,00;1,10;;Unchecked;Unchecked
4573;4;132;1;17/05/2017;Parlor1;1;1;1;1;;17/05/2017 08:14;08:22;08:23;3,08;62,00;0,80;;Checked;Unchecked
4065;4;137;1;17/05/2017;Parlor1;1;1;2;8;;17/05/2017 08:17;03:53;08:21;3,45;134,00;0,53;;Unchecked;Unchecked
4581;4;134;1;17/05/2017;Parlor1;1;1;2;7;;17/05/2017 08:17;13:58;08:31;17,55;176,00;0,75;;Unchecked;Unchecked
4546;4;134;1;17/05/2017;Parlor1;1;1;2;6;;17/05/2017 08:16;10:17;08:27;11,10;98,00;1,50;;Unchecked;Unchecked
4587;4;137;1;17/05/2017;Parlor1;1;1;2;5;;17/05/2017 08:16;08:51;08:25;6,68;56,00;1,50;;Checked;Unchecked
4535;3;129;1;17/05/2017;Parlor1;1;1;3;3;;17/05/2017 08:36;20:52;08:57;6,01;82,00;2,65;;Unchecked;Unchecked
4525;3;129;1;17/05/2017;Parlor1;1;1;3;4;;17/05/2017 08:36;10:09;08:46;10,07;112,00;1,95;;Unchecked;Unchecked
5403;3;130;1;17/05/2017;Parlor1;1;1;3;2;;17/05/2017 08:36;07:29;08:44;11,50;131,00;3,80;;Unchecked;Unchecked
5407;4;133;1;17/05/2017;Parlor1;1;1;3;1;;17/05/2017 08:36;25:01;09:01;13,68;99,00;1,23;;Unchecked;Unchecked
5409;3;130;1;17/05/2017;Parlor1;1;1;4;8;;17/05/2017 08:56;06:39;09:03;10,88;102,00;2,35;;Unchecked;Unchecked
5402;2;128;1;17/05/2017;Parlor1;1;1;4;7;;17/05/2017 08:56;02:05;08:58;2,13;38,00;2,15;;Checked;Unchecked
4560;3;131;1;17/05/2017;Parlor1;1;1;4;6;;17/05/2017 08:55;14:56;09:10;15,35;105,00;1,15;;Unchecked;Unchecked
4066;3;132;1;17/05/2017;Parlor1;1;1;4;5;;17/05/2017 08:55;14:14;09:09;9,87;75,00;1,25;;Checked;Unchecked
4545;2;124;1;17/05/2017;Parlor1;1;1;5;3;;17/05/2017 09:09;07:42;09:17;10,88;138,00;1,95;;Unchecked;Unchecked
4577;2;125;1;17/05/2017;Parlor1;1;1;5;4;;17/05/2017 09:09;08:48;09:18;4,26;88,00;0,63;;Unchecked;Unchecked
4575;2;125;1;17/05/2017;Parlor1;1;1;5;2;;17/05/2017 09:09;10:30;09:19;10,20;138,00;1,43;;Unchecked;Unchecked
4551;3;129;1;17/05/2017;Parlor1;1;1;5;1;;17/05/2017 09:09;11:28;09:20;12,19;96,00;2,35;;Unchecked;Unchecked
4585;2;127;1;17/05/2017;Parlor1;1;1;6;7;;17/05/2017 09:22;06:28;09:28;11,88;137,00;4,68;;Unchecked;Unchecked
4582;3;129;1;17/05/2017;Parlor1;1;1;6;6;;17/05/2017 09:20;11:37;09:32;11,70;109,00;0,00;;Unchecked;Unchecked
4528;2;122;1;17/05/2017;Parlor1;1;1;6;5;;17/05/2017 09:31;03:06;09:34;3,09;211,00;1,33;;Unchecked;Unchecked
4536;2;128;1;17/05/2017;Parlor1;1;1;7;3;;17/05/2017 09:29;08:13;09:38;12,07;125,00;3,13;;Unchecked;Unchecked
4586;2;132;1;17/05/2017;Parlor1;1;1;7;4;;17/05/2017 09:37;07:52;09:45;7,42;95,00;1,25;;Unchecked;Unchecked
4537;2;125;1;17/05/2017;Parlor1;1;1;7;2;;17/05/2017 09:29;07:01;09:36;6,87;160,00;1,93;;Unchecked;Unchecked
5408;5;121;1;17/05/2017;Parlor1;1;1;7;1;;17/05/2017 09:30;08:03;09:38;0,78;100,00;0,65;;Unchecked;Unchecked
4065;4;137;1;17/05/2017;Parlor1;1;2;1;8;;17/05/2017 13:01;05:53;13:06;1,72;226,00;0,23;;Unchecked;Unchecked
4573;4;132;1;17/05/2017;Parlor1;1;2;1;7;;17/05/2017 13:00;05:45;13:06;2,42;163,00;0,95;;Unchecked;Unchecked
4550;4;133;1;17/05/2017;Parlor1;1;2;1;6;;17/05/2017 13:00;09:44;13:10;7,24;201,00;0,00;;Unchecked;Unchecked
4587;4;137;1;17/05/2017;Parlor1;1;2;1;5;;17/05/2017 13:00;08:29;13:08;4,81;137,00;0,85;;Unchecked;Unchecked
5407;4;133;1;17/05/2017;Parlor1;1;2;2;3;;17/05/2017 12:59;07:07;13:06;4,10;108,00;1,18;;Unchecked;Unchecked
4546;4;134;1;17/05/2017;Parlor1;1;2;2;4;;17/05/2017 13:00;11:03;13:11;5,10;150,00;0,70;;Unchecked;Unchecked
4548;4;134;1;17/05/2017;Parlor1;1;2;2;2;;17/05/2017 12:59;11:53;13:11;6,64;188,00;2,10;;Unchecked;Unchecked
4581;4;134;1;17/05/2017;Parlor1;1;2;2;1;;17/05/2017 12:59;18:29;13:17;4,70;158,00;0,95;;Unchecked;Unchecked
4560;3;131;1;17/05/2017;Parlor1;1;2;3;8;;17/05/2017 13:15;05:54;13:21;3,19;79,00;0,00;;Checked;Unchecked
4535;3;129;1;17/05/2017;Parlor1;1;2;3;7;;17/05/2017 13:15;03:25;13:18;2,54;117,00;1,18;;Unchecked;Unchecked
5403;3;130;1;17/05/2017;Parlor1;1;2;3;6;;17/05/2017 13:15;02:38;13:17;3,47;132,00;3,34;;Unchecked;Unchecked
4583;4;135;1;17/05/2017;Parlor1;1;2;3;5;;17/05/2017 13:14;04:27;13:19;4,75;158,00;2,60;;Unchecked;Unchecked
5402;2;128;1;17/05/2017;Parlor1;1;2;4;3;;17/05/2017 13:24;02:35;13:27;2,95;186,00;2,80;;Unchecked;Unchecked
4525;3;129;1;17/05/2017;Parlor1;1;2;4;4;;17/05/2017 13:23;04:27;13:28;3,89;139,00;2,00;;Unchecked;Unchecked
5409;3;130;1;17/05/2017;Parlor1;1;2;4;2;;17/05/2017 13:25;04:49;13:30;4,66;154,00;0,03;;Unchecked;Unchecked
4551;3;129;1;17/05/2017;Parlor1;1;2;4;1;;17/05/2017 13:25;03:51;13:28;3,98;117,00;2,50;;Unchecked;Unchecked
4585;2;127;1;17/05/2017;Parlor1;1;2;5;8;;17/05/2017 13:35;02:21;13:37;3,47;148,00;3,35;;Unchecked;Unchecked
4536;2;128;1;17/05/2017;Parlor1;1;2;5;7;;17/05/2017 13:35;03:50;13:39;4,10;163,00;1,80;;Unchecked;Unchecked
4066;3;132;1;17/05/2017;Parlor1;1;2;5;6;;17/05/2017 13:35;06:28;13:41;5,06;130,00;1,43;;Unchecked;Unchecked
4586;2;132;1;17/05/2017;Parlor1;1;2;5;5;;17/05/2017 13:35;07:05;13:42;1,81;93,00;0,88;;Unchecked;Unchecked
4545;2;124;1;17/05/2017;Parlor1;1;2;6;3;;17/05/2017 13:40;06:17;13:47;4,28;186,00;2,63;;Unchecked;Unchecked
4575;2;125;1;17/05/2017;Parlor1;1;2;6;4;;17/05/2017 13:41;08:13;13:50;3,22;150,00;1,85;;Unchecked;Unchecked
4537;2;125;1;17/05/2017;Parlor1;1;2;6;2;;17/05/2017 13:41;13:55;13:55;3,63;200,00;1,95;;Unchecked;Unchecked
4577;2;125;1;17/05/2017;Parlor1;1;2;6;1;;17/05/2017 13:42;06:50;13:48;2,38;171,00;1,10;;Unchecked;Unchecked
4528;2;122;1;17/05/2017;Parlor1;1;2;0;5;;17/05/2017 13:47;01:36;13:49;0,75;0,00;0,83;;Unchecked;Unchecked
4582;3;129;1;17/05/2017;Parlor1;1;2;0;6;;17/05/2017 13:47;02:36;13:50;5,51;0,00;1,73;;Unchecked;Unchecked
5408;5;121;1;17/05/2017;Parlor1;1;2;0;7;;17/05/2017 13:47;01:37;13:49;3,33;0,00;0,93;;Unchecked;Unchecked
4065;4;137;1;17/05/2017;Parlor1;1;3;3;8;;17/05/2017 15:39;01:36;15:40;0,00;0,00;0,00;;Checked;Unchecked
5407;4;133;1;17/05/2017;Parlor1;1;3;2;3;;17/05/2017 15:39;03:17;15:43;2,14;92,00;1,30;;Unchecked;Unchecked
4587;4;137;1;17/05/2017;Parlor1;1;3;3;7;;17/05/2017 15:40;08:03;15:48;6,08;200,00;1,20;;Unchecked;Unchecked
4573;4;132;1;17/05/2017;Parlor1;1;3;2;2;;17/05/2017 15:39;05:38;15:45;0,44;52,00;0,35;;Checked;Unchecked
4550;4;133;1;17/05/2017;Parlor1;1;3;2;1;;17/05/2017 15:41;05:01;15:46;3,17;153,00;0,90;;Unchecked;Unchecked
4546;4;134;1;17/05/2017;Parlor1;1;3;3;6;;17/05/2017 15:44;13:30;15:58;3,14;161,00;1,30;;Unchecked;Unchecked
4581;4;134;1;17/05/2017;Parlor1;1;3;3;5;;17/05/2017 15:44;12:43;15:56;2,64;154,00;0,80;;Unchecked;Unchecked
4535;3;129;1;17/05/2017;Parlor1;1;3;4;3;;17/05/2017 15:56;03:16;15:59;2,99;241,00;1,88;;Unchecked;Unchecked
4066;3;132;1;17/05/2017;Parlor1;1;3;4;4;;17/05/2017 15:56;04:32;16:00;2,02;104,00;0,48;;Unchecked;Unchecked
5403;3;130;1;17/05/2017;Parlor1;1;3;4;2;;17/05/2017 15:56;01:58;15:58;2,27;151,00;2,28;;Unchecked;Unchecked
4548;4;134;1;17/05/2017;Parlor1;1;3;4;1;;17/05/2017 15:55;04:26;16:00;3,29;147,00;1,55;;Unchecked;Unchecked
5409;3;130;1;17/05/2017;Parlor1;1;3;5;8;;17/05/2017 16:06;03:48;16:10;2,09;116,00;0,00;;Unchecked;Unchecked
5402;2;128;1;17/05/2017;Parlor1;1;3;5;7;;17/05/2017 16:05;04:55;16:10;0,83;87,00;0,50;;Unchecked;Unchecked
4525;3;129;1;17/05/2017;Parlor1;1;3;5;6;;17/05/2017 16:04;02:57;16:07;2,01;128,00;1,68;;Unchecked;Unchecked
4551;3;129;1;17/05/2017;Parlor1;1;3;5;5;;17/05/2017 16:04;03:15;16:07;2,31;108,00;1,73;;Unchecked;Unchecked
4537;2;125;1;17/05/2017;Parlor1;1;3;6;3;;17/05/2017 16:14;10:43;16:25;1,64;241,00;0,98;;Unchecked;Unchecked
4577;2;125;1;17/05/2017;Parlor1;1;3;6;4;;17/05/2017 16:14;02:41;16:17;1,04;135,00;0,83;;Unchecked;Unchecked
4560;3;131;1;17/05/2017;Parlor1;1;3;6;2;;17/05/2017 16:13;04:44;16:18;3,98;145,00;1,48;;Unchecked;Unchecked
4586;2;132;1;17/05/2017;Parlor1;1;3;6;1;;17/05/2017 16:13;02:41;16:15;0,85;66,00;0,63;;Checked;Unchecked
4585;2;127;1;17/05/2017;Parlor1;1;3;7;8;;17/05/2017 16:21;01:50;16:23;2,34;156,00;2,38;;Unchecked;Unchecked
4575;2;125;1;17/05/2017;Parlor1;1;3;7;7;;17/05/2017 16:19;03:25;16:23;1,24;100,00;8,09;;Unchecked;Unchecked
4545;2;124;1;17/05/2017;Parlor1;1;3;7;6;;17/05/2017 16:19;03:24;16:22;1,64;122,00;0,63;;Unchecked;Unchecked
4582;3;129;1;17/05/2017;Parlor1;1;3;7;5;;17/05/2017 16:19;02:36;16:21;1,87;39,00;1,53;;Checked;Unchecked
4536;2;128;1;17/05/2017;Parlor1;1;3;8;3;;17/05/2017 16:29;03:15;16:32;2,61;146,00;1,73;;Unchecked;Unchecked
5408;5;121;1;17/05/2017;Parlor1;1;3;8;4;;17/05/2017 16:34;01:37;16:35;0,47;100,00;0,55;;Unchecked;Unchecked
4528;2;122;1;17/05/2017;Parlor1;1;3;8;2;;17/05/2017 16:33;01:36;16:35;0,48;73,00;0,48;;Checked;Unchecked
4548;4;134;1;18/05/2017;Parlor1;1;1;1;3;;18/05/2017 08:23;13:53;08:37;15,58;127,00;2,10;;Unchecked;Unchecked
4573;4;132;1;18/05/2017;Parlor1;1;1;1;4;;18/05/2017 08:23;06:24;08:30;3,35;70,00;0,75;;Checked;Unchecked
5407;4;133;1;18/05/2017;Parlor1;1;1;1;2;;18/05/2017 08:23;11:23;08:34;10,26;72,00;1,15;;Checked;Unchecked
4587;4;137;1;18/05/2017;Parlor1;1;1;1;1;;18/05/2017 08:22;11:23;08:34;10,47;88,00;1,08;;Unchecked;Unchecked
4065;4;137;1;18/05/2017;Parlor1;1;1;2;8;;18/05/2017 08:28;04:34;08:33;1,09;41,00;0,05;;Checked;Unchecked
4546;4;134;1;18/05/2017;Parlor1;1;1;2;7;;18/05/2017 08:27;08:42;08:36;9,72;83,00;1,60;;Unchecked;Unchecked
4581;4;134;1;18/05/2017;Parlor1;1;1;2;6;;18/05/2017 08:27;14:23;08:41;10,51;98,00;0,80;;Unchecked;Unchecked
4583;4;135;1;18/05/2017;Parlor1;1;1;2;5;;18/05/2017 08:27;08:00;08:35;10,34;107,00;2,68;;Unchecked;Unchecked
4535;3;129;1;18/05/2017;Parlor1;1;1;3;3;;18/05/2017 08:43;04:59;08:48;4,98;68,00;1,93;;Checked;Unchecked
4066;3;132;1;18/05/2017;Parlor1;1;1;3;4;;18/05/2017 08:44;12:58;08:57;10,86;79,00;0,88;;Checked;Unchecked
4551;3;129;1;18/05/2017;Parlor1;1;1;3;2;;18/05/2017 08:43;09:07;08:52;13,06;105,00;2,78;;Unchecked;Unchecked
4550;4;133;1;18/05/2017;Parlor1;1;1;3;1;;18/05/2017 08:43;12:42;08:55;12,99;101,00;1,13;;Unchecked;Unchecked
5402;2;128;1;18/05/2017;Parlor1;1;1;4;8;;18/05/2017 08:49;02:16;08:51;2,78;52,00;2,68;;Checked;Unchecked
4560;3;131;1;18/05/2017;Parlor1;1;1;4;7;;18/05/2017 08:48;13:32;09:01;15,40;106,00;1,48;;Unchecked;Unchecked
4525;3;129;1;18/05/2017;Parlor1;1;1;4;6;;18/05/2017 08:48;10:02;08:58;9,22;97,00;2,20;;Unchecked;Unchecked
5403;3;130;1;18/05/2017;Parlor1;1;1;4;5;;18/05/2017 08:47;06:20;08:54;12,28;132,00;4,08;;Unchecked;Unchecked
4582;3;129;1;18/05/2017;Parlor1;1;1;5;3;;18/05/2017 09:07;08:24;09:16;14,06;122,00;2,45;;Unchecked;Unchecked
4545;2;124;1;18/05/2017;Parlor1;1;1;5;4;;18/05/2017 09:08;08:55;09:17;12,25;140,00;1,73;;Unchecked;Unchecked
4586;2;132;1;18/05/2017;Parlor1;1;1;5;2;;18/05/2017 09:03;08:53;09:12;6,83;92,00;0,98;;Unchecked;Unchecked
5409;3;130;1;18/05/2017;Parlor1;1;1;5;1;;18/05/2017 09:03;06:49;09:09;12,36;111,00;2,73;;Unchecked;Unchecked
4577;2;125;1;18/05/2017;Parlor1;1;1;6;8;;18/05/2017 09:15;08:59;09:24;4,27;87,00;0,83;;Unchecked;Unchecked
4536;2;128;1;18/05/2017;Parlor1;1;1;6;7;;18/05/2017 09:14;07:51;09:22;11,49;94,00;2,70;;Unchecked;Unchecked
4537;2;125;1;18/05/2017;Parlor1;1;1;6;6;;18/05/2017 09:14;13:32;09:27;5,79;105,00;0,88;;Unchecked;Unchecked
4575;2;125;1;18/05/2017;Parlor1;1;1;6;5;;18/05/2017 09:13;08:57;09:22;9,57;120,00;1,75;;Unchecked;Unchecked
4585;2;127;1;18/05/2017;Parlor1;1;1;7;3;;18/05/2017 09:25;05:42;09:30;12,38;117,00;5,40;;Unchecked;Unchecked
5408;5;121;1;18/05/2017;Parlor1;1;1;7;4;;18/05/2017 09:24;01:48;09:26;0,83;27,00;0,80;;Checked;Unchecked
4528;2;122;1;18/05/2017;Parlor1;1;1;7;2;;18/05/2017 09:24;02:41;09:27;1,67;78,00;1,35;;Checked;Unchecked
4065;4;137;1;18/05/2017;Parlor1;1;2;1;8;;18/05/2017 12:52;01:37;12:54;0,71;95,00;0,73;;Unchecked;Unchecked
5407;4;133;1;18/05/2017;Parlor1;1;2;1;7;;18/05/2017 12:52;07:28;12:59;6,20;153,00;0,95;;Unchecked;Unchecked
4581;4;134;1;18/05/2017;Parlor1;1;2;1;6;;18/05/2017 12:51;13:39;13:04;9,23;200,00;0,00;;Unchecked;Unchecked
4587;4;137;1;18/05/2017;Parlor1;1;2;1;5;;18/05/2017 12:51;17:13;13:08;1,95;57,00;1,10;;Checked;Unchecked
5409;3;130;1;18/05/2017;Parlor1;1;2;2;8;;18/05/2017 13:20;03:12;13:23;4,20;141,00;2,83;;Unchecked;Unchecked
4560;3;131;1;18/05/2017;Parlor1;1;2;2;7;;18/05/2017 13:19;05:20;13:24;4,72;114,00;1,20;;Unchecked;Unchecked
5403;3;130;1;18/05/2017;Parlor1;1;2;2;6;;18/05/2017 13:19;03:52;13:23;3,73;141,00;2,20;;Unchecked;Unchecked
5402;2;128;1;18/05/2017;Parlor1;1;2;2;5;;18/05/2017 13:18;02:42;13:21;3,10;205,00;2,80;;Unchecked;Unchecked
4528;2;122;1;18/05/2017;Parlor1;1;2;3;3;;18/05/2017 13:23;04:05;13:28;1,11;205,00;0,00;;Unchecked;Unchecked
4577;2;125;1;18/05/2017;Parlor1;1;2;3;4;;18/05/2017 13:24;06:38;13:30;2,09;164,00;0,00;;Unchecked;Unchecked
4066;3;132;1;18/05/2017;Parlor1;1;2;3;2;;18/05/2017 13:23;08:30;13:31;4,14;102,00;0,00;;Unchecked;Unchecked
4586;2;132;1;18/05/2017;Parlor1;1;2;3;1;;18/05/2017 13:23;07:53;13:31;1,92;94,00;0,00;;Unchecked;Unchecked
4537;2;125;1;18/05/2017;Parlor1;1;2;4;8;;18/05/2017 13:35;10:59;13:46;2,21;148,00;0,03;;Unchecked;Unchecked
4536;2;128;1;18/05/2017;Parlor1;1;2;4;7;;18/05/2017 13:35;04:40;13:39;5,49;165,00;2,05;;Unchecked;Unchecked
4585;2;127;1;18/05/2017;Parlor1;1;2;4;6;;18/05/2017 13:34;02:34;13:36;3,60;131,00;3,39;;Unchecked;Unchecked
4575;2;125;1;18/05/2017;Parlor1;1;2;4;5;;18/05/2017 13:33;05:01;13:38;3,30;151,00;0,03;;Unchecked;Unchecked
5408;5;121;1;18/05/2017;Parlor1;1;2;5;3;;18/05/2017 13:50;02:00;13:52;1,25;152,00;1,28;;Unchecked;Unchecked
4545;2;124;1;18/05/2017;Parlor1;1;2;5;2;;18/05/2017 13:45;04:18;13:49;4,27;167,00;1,55;;Unchecked;Unchecked
4582;3;129;1;18/05/2017;Parlor1;1;2;5;1;;18/05/2017 13:44;06:30;13:51;4,33;128,00;0,13;;Unchecked;Unchecked
4548;4;134;1;18/05/2017;Parlor1;1;2;0;1;;18/05/2017 12:45;04:26;12:49;6,33;0,00;1,60;;Unchecked;Unchecked
4550;4;133;1;18/05/2017;Parlor1;1;2;0;2;;18/05/2017 12:45;06:26;12:52;6,50;0,00;0,95;;Unchecked;Unchecked
4573;4;132;1;18/05/2017;Parlor1;1;2;0;3;;18/05/2017 12:46;06:23;12:52;2,44;0,00;0,80;;Unchecked;Unchecked
4583;4;135;1;18/05/2017;Parlor1;1;2;0;4;;18/05/2017 12:46;06:49;12:53;7,08;0,00;2,23;;Unchecked;Unchecked
5407;4;133;1;18/05/2017;Parlor1;1;3;1;3;;18/05/2017 15:42;04:13;15:46;3,21;128,00;1,28;;Unchecked;Unchecked
4587;4;137;1;18/05/2017;Parlor1;1;3;1;4;;18/05/2017 15:42;07:51;15:50;2,42;116,00;0,65;;Unchecked;Unchecked
4065;4;137;1;18/05/2017;Parlor1;1;3;1;2;;18/05/2017 15:41;07:15;15:49;2,51;200,00;0,45;;Unchecked;Unchecked
4550;4;133;1;18/05/2017;Parlor1;1;3;1;1;;18/05/2017 15:41;05:03;15:46;2,72;117,00;0,50;;Unchecked;Unchecked
4573;4;132;1;18/05/2017;Parlor1;1;3;2;8;;18/05/2017 15:43;01:37;15:45;0,24;27,00;0,25;;Checked;Unchecked
4546;4;134;1;18/05/2017;Parlor1;1;3;2;7;;18/05/2017 15:43;04:51;15:48;3,78;70,00;1,20;;Checked;Unchecked
4581;4;134;1;18/05/2017;Parlor1;1;3;2;6;;18/05/2017 15:43;19:57;16:03;4,88;200,00;0,70;;Unchecked;Unchecked
4548;4;134;1;18/05/2017;Parlor1;1;3;2;5;;18/05/2017 15:43;08:12;15:51;3,14;138,00;0,05;;Unchecked;Unchecked
5403;3;130;1;18/05/2017;Parlor1;1;3;3;3;;18/05/2017 16:00;02:25;16:02;2,47;156,00;2,38;;Unchecked;Unchecked
4066;3;132;1;18/05/2017;Parlor1;1;3;3;4;;18/05/2017 16:00;04:48;16:05;2,21;97,00;0,88;;Unchecked;Unchecked
4551;3;129;1;18/05/2017;Parlor1;1;3;3;2;;18/05/2017 15:59;03:09;16:02;2,69;46,00;1,80;;Checked;Unchecked
4583;4;135;1;18/05/2017;Parlor1;1;3;3;1;;18/05/2017 15:59;03:04;16:02;2,01;106,00;1,60;;Unchecked;Unchecked
5409;3;130;1;18/05/2017;Parlor1;1;3;4;8;;18/05/2017 16:12;02:19;16:14;2,23;112,00;2,18;;Unchecked;Unchecked
4535;3;129;1;18/05/2017;Parlor1;1;3;4;7;;18/05/2017 16:10;05:55;16:16;1,24;35,00;0,28;;Checked;Unchecked
4560;3;131;1;18/05/2017;Parlor1;1;3;4;6;;18/05/2017 16:09;03:55;16:13;2,56;97,00;0,90;;Unchecked;Unchecked
5402;2;128;1;18/05/2017;Parlor1;1;3;4;5;;18/05/2017 16:09;01:37;16:11;1,22;125,00;1,20;;Unchecked;Unchecked
4528;2;122;1;18/05/2017;Parlor1;1;3;5;3;;18/05/2017 16:18;01:37;16:19;0,65;166,00;0,60;;Unchecked;Unchecked
4577;2;125;1;18/05/2017;Parlor1;1;3;5;4;;18/05/2017 16:18;10:00;16:28;2,20;247,00;0,88;;Unchecked;Unchecked
4525;3;129;1;18/05/2017;Parlor1;1;3;5;2;;18/05/2017 16:17;07:10;16:25;2,43;53,00;1,35;;Checked;Unchecked
4586;2;132;1;18/05/2017;Parlor1;1;3;5;1;;18/05/2017 16:17;02:39;16:20;1,16;85,00;0,90;;Unchecked;Unchecked
5408;5;121;1;18/05/2017;Parlor1;1;3;6;3;;18/05/2017 16:43;04:33;16:47;3,79;200,00;1,13;;Unchecked;Unchecked
4536;2;128;1;18/05/2017;Parlor1;1;3;6;2;;18/05/2017 16:37;06:27;16:43;2,53;109,00;0,45;;Unchecked;Unchecked
4537;2;125;1;18/05/2017;Parlor1;1;3;6;1;;18/05/2017 16:36;13:25;16:49;1,90;182,00;0,03;;Unchecked;Unchecked
4545;2;124;1;18/05/2017;Parlor1;1;3;0;5;;18/05/2017 16:26;08:44;16:34;0,00;0,00;1,08;;Unchecked;Unchecked
4585;2;127;1;18/05/2017;Parlor1;1;3;0;6;;18/05/2017 16:26;11:20;16:37;0,00;0,00;2,43;;Unchecked;Unchecked
4575;2;125;1;18/05/2017;Parlor1;1;3;0;7;;18/05/2017 16:26;03:05;16:29;0,00;0,00;1,53;;Unchecked;Unchecked
4582;3;129;1;18/05/2017;Parlor1;1;3;0;8;;18/05/2017 16:27;04:03;16:31;0,00;0,00;1,98;;Unchecked;Unchecked
4587;4;137;1;19/05/2017;Parlor1;1;1;1;3;;19/05/2017 08:19;09:34;08:28;5,67;49,00;0,90;;Checked;Unchecked
5407;4;133;1;19/05/2017;Parlor1;1;1;1;4;;19/05/2017 08:19;10:55;08:30;9,87;68,00;0,85;;Checked;Unchecked
4548;4;134;1;19/05/2017;Parlor1;1;1;1;2;;19/05/2017 08:18;13:19;08:32;14,73;117,00;1,93;;Unchecked;Unchecked
4583;4;135;1;19/05/2017;Parlor1;1;1;1;1;;19/05/2017 08:18;09:04;08:27;11,53;111,00;2,68;;Unchecked;Unchecked
4573;4;132;1;19/05/2017;Parlor1;1;1;2;8;;19/05/2017 08:23;06:47;08:30;2,68;60,00;0,00;;Checked;Unchecked
4550;4;133;1;19/05/2017;Parlor1;1;1;3;6;;19/05/2017 08:50;20:07;09:10;15,18;231,00;1,40;;Unchecked;Unchecked
4546;4;134;1;19/05/2017;Parlor1;1;1;2;6;;19/05/2017 08:22;13:15;08:35;12,92;104,00;1,45;;Unchecked;Unchecked
4581;4;134;1;19/05/2017;Parlor1;1;1;2;5;;19/05/2017 08:22;22:38;08:44;16,36;136,00;0,80;;Unchecked;Unchecked
4551;3;129;1;19/05/2017;Parlor1;1;1;4;3;;19/05/2017 08:39;09:01;08:48;13,32;107,00;2,98;;Unchecked;Unchecked
4535;3;129;1;19/05/2017;Parlor1;1;1;4;4;;19/05/2017 08:39;06:50;08:46;6,57;87,00;1,50;;Unchecked;Unchecked
4066;3;132;1;19/05/2017;Parlor1;1;1;4;2;;19/05/2017 08:39;12:17;08:51;9,89;75,00;0,90;;Checked;Unchecked
4065;4;137;1;19/05/2017;Parlor1;1;1;4;1;;19/05/2017 08:39;01:37;08:40;1,05;37,00;1,10;;Checked;Unchecked
4525;3;129;1;19/05/2017;Parlor1;1;1;3;8;;19/05/2017 08:58;11:45;09:10;10,42;101,00;1,73;;Unchecked;Unchecked
5402;2;128;1;19/05/2017;Parlor1;1;1;3;7;;19/05/2017 08:57;03:26;09:01;3,00;57,00;2,20;;Checked;Unchecked
5403;3;130;1;19/05/2017;Parlor1;1;1;3;5;;19/05/2017 08:49;06:24;08:56;12,27;126,00;3,83;;Unchecked;Unchecked
4582;3;129;1;19/05/2017;Parlor1;1;1;5;3;;19/05/2017 09:00;08:28;09:08;13,34;110,00;2,40;;Unchecked;Unchecked
4537;2;125;1;19/05/2017;Parlor1;1;1;5;4;;19/05/2017 09:00;05:49;09:06;7,35;130,00;3,73;;Unchecked;Unchecked
5409;3;130;1;19/05/2017;Parlor1;1;1;5;2;;19/05/2017 08:56;06:51;09:02;12,05;106,00;2,55;;Unchecked;Unchecked
4586;2;132;1;19/05/2017;Parlor1;1;1;5;1;;19/05/2017 08:55;08:09;09:03;7,38;102,00;1,78;;Unchecked;Unchecked
4577;2;125;1;19/05/2017;Parlor1;1;1;6;3;;19/05/2017 09:18;10:37;09:28;5,36;107,00;0,95;;Unchecked;Unchecked
4585;2;127;1;19/05/2017;Parlor1;1;1;6;4;;19/05/2017 09:18;05:58;09:24;12,91;115,00;4,98;;Unchecked;Unchecked
4545;2;124;1;19/05/2017;Parlor1;1;1;6;2;;19/05/2017 09:18;08:13;09:26;12,05;130,00;2,40;;Unchecked;Unchecked
4528;2;122;1;19/05/2017;Parlor1;1;1;6;1;;19/05/2017 09:17;02:17;09:20;1,84;84,00;1,83;;Unchecked;Unchecked
4575;2;125;1;19/05/2017;Parlor1;1;1;7;7;;19/05/2017 09:24;12:19;09:36;10,90;128,00;1,33;;Unchecked;Unchecked
5408;5;121;1;19/05/2017;Parlor1;1;1;7;6;;19/05/2017 09:23;04:46;09:28;6,23;168,00;2,23;;Unchecked;Unchecked
4536;2;128;1;19/05/2017;Parlor1;1;1;7;5;;19/05/2017 09:23;08:09;09:31;11,53;94,00;2,83;;Unchecked;Unchecked
4548;4;134;1;19/05/2017;Parlor1;1;2;1;3;;19/05/2017 12:55;07:08;13:02;6,73;181,00;1,95;;Unchecked;Unchecked
4583;4;135;1;19/05/2017;Parlor1;1;2;1;4;;19/05/2017 12:56;08:23;13:04;4,31;140,00;0,00;;Unchecked;Unchecked
5407;4;133;1;19/05/2017;Parlor1;1;2;1;2;;19/05/2017 12:55;08:04;13:03;7,05;167,00;1,25;;Unchecked;Unchecked
4573;4;132;1;19/05/2017;Parlor1;1;2;1;1;;19/05/2017 12:55;04:25;12:59;2,09;163,00;0,80;;Unchecked;Unchecked
4546;4;134;1;19/05/2017;Parlor1;1;2;2;8;;19/05/2017 13:02;06:39;13:09;5,11;142,00;0,00;;Unchecked;Unchecked
4065;4;137;1;19/05/2017;Parlor1;1;2;2;7;;19/05/2017 13:02;04:18;13:06;2,80;200,00;0,38;;Unchecked;Unchecked
4550;4;133;1;19/05/2017;Parlor1;1;2;2;6;;19/05/2017 13:01;08:12;13:09;5,78;174,00;0,75;;Unchecked;Unchecked
4581;4;134;1;19/05/2017;Parlor1;1;2;2;5;;19/05/2017 13:01;12:19;13:13;4,96;142,00;0,80;;Unchecked;Unchecked
5409;3;130;1;19/05/2017;Parlor1;1;2;3;3;;19/05/2017 13:11;03:23;13:15;4,06;134,00;2,28;;Unchecked;Unchecked
4586;2;132;1;19/05/2017;Parlor1;1;2;3;4;;19/05/2017 13:12;03:24;13:15;2,04;105,00;1,23;;Unchecked;Unchecked
5402;2;128;1;19/05/2017;Parlor1;1;2;3;2;;19/05/2017 13:11;02:21;13:13;2,20;157,00;2,18;;Unchecked;Unchecked
4551;3;129;1;19/05/2017;Parlor1;1;2;3;1;;19/05/2017 13:11;04:57;13:15;5,33;149,00;2,80;;Unchecked;Unchecked
4560;3;131;1;19/05/2017;Parlor1;1;2;4;8;;19/05/2017 13:18;05:55;13:24;4,79;29,00;0,95;;Checked;Unchecked
4535;3;129;1;19/05/2017;Parlor1;1;2;4;7;;19/05/2017 13:18;06:46;13:24;2,14;95,00;0,53;;Unchecked;Unchecked
4525;3;129;1;19/05/2017;Parlor1;1;2;4;6;;19/05/2017 13:17;04:07;13:21;3,02;106,00;1,28;;Unchecked;Unchecked
5403;3;130;1;19/05/2017;Parlor1;1;2;4;5;;19/05/2017 13:17;03:20;13:20;3,79;136,00;2,70;;Unchecked;Unchecked
4066;3;132;1;19/05/2017;Parlor1;1;2;5;1;;19/05/2017 13:23;07:35;13:30;5,21;130,00;1,05;;Unchecked;Unchecked
4537;2;125;1;19/05/2017;Parlor1;1;2;6;8;;19/05/2017 13:34;03:50;13:38;3,56;215,00;2,65;;Unchecked;Unchecked
4536;2;128;1;19/05/2017;Parlor1;1;2;6;7;;19/05/2017 13:34;04:23;13:39;5,40;166,00;2,80;;Unchecked;Unchecked
4528;2;122;1;19/05/2017;Parlor1;1;2;6;6;;19/05/2017 13:34;04:56;13:39;0,90;152,00;0,88;;Unchecked;Unchecked
4545;2;124;1;19/05/2017;Parlor1;1;2;6;5;;19/05/2017 13:34;04:21;13:38;4,56;193,00;1,95;;Unchecked;Unchecked
4575;2;125;1;19/05/2017;Parlor1;1;2;7;3;;19/05/2017 13:40;09:47;13:50;2,94;136,00;1,05;;Unchecked;Unchecked
4585;2;127;1;19/05/2017;Parlor1;1;2;7;4;;19/05/2017 13:41;02:43;13:44;3,88;133,00;3,60;;Unchecked;Unchecked
4582;3;129;1;19/05/2017;Parlor1;1;2;7;2;;19/05/2017 13:39;04:31;13:44;4,71;138,00;1,10;;Unchecked;Unchecked
4577;2;125;1;19/05/2017;Parlor1;1;2;7;1;;19/05/2017 13:39;03:36;13:43;2,03;147,00;1,08;;Unchecked;Unchecked
5408;5;121;1;19/05/2017;Parlor1;1;2;8;6;;19/05/2017 13:46;03:08;13:49;2,60;252,00;1,73;;Unchecked;Unchecked
4587;4;137;1;19/05/2017;Parlor1;1;2;8;5;;19/05/2017 13:48;07:04;13:55;2,02;50,00;0,60;;Checked;Unchecked
4573;4;132;1;19/05/2017;Parlor1;1;3;1;3;;19/05/2017 15:45;03:06;15:48;1,07;133,00;0,85;;Unchecked;Unchecked
4548;4;134;1;19/05/2017;Parlor1;1;3;1;4;;19/05/2017 15:45;05:40;15:51;3,15;138,00;1,00;;Unchecked;Unchecked
4583;4;135;1;19/05/2017;Parlor1;1;3;1;2;;19/05/2017 15:45;04:55;15:50;2,78;148,00;1,40;;Unchecked;Unchecked
5407;4;133;1;19/05/2017;Parlor1;1;3;1;1;;19/05/2017 15:45;05:06;15:50;3,51;135,00;1,25;;Unchecked;Unchecked
4525;3;129;1;19/05/2017;Parlor1;1;3;4;8;;19/05/2017 16:04;04:42;16:09;2,38;45,00;0,03;;Checked;Unchecked
4560;3;131;1;19/05/2017;Parlor1;1;3;4;7;;19/05/2017 15:52;06:35;15:59;2,26;29,00;0,28;;Checked;Unchecked
4586;2;132;1;19/05/2017;Parlor1;1;3;4;6;;19/05/2017 15:52;03:20;15:55;1,41;38,00;1,08;;Checked;Unchecked
5409;3;130;1;19/05/2017;Parlor1;1;3;4;5;;19/05/2017 15:52;02:36;15:55;2,32;40,00;2,25;;Checked;Unchecked
5402;2;128;1;19/05/2017;Parlor1;1;3;3;3;;19/05/2017 15:58;02:02;16:00;0,94;96,00;0,98;;Unchecked;Unchecked
5403;3;130;1;19/05/2017;Parlor1;1;3;3;4;;19/05/2017 15:59;02:58;16:02;2,31;132,00;1,98;;Unchecked;Unchecked
4535;3;129;1;19/05/2017;Parlor1;1;3;3;2;;19/05/2017 15:58;06:41;16:04;2,24;165,00;0,43;;Unchecked;Unchecked
4577;2;125;1;19/05/2017;Parlor1;1;3;5;3;;19/05/2017 16:15;07:14;16:22;1,34;163,00;0,88;;Unchecked;Unchecked
4582;3;129;1;19/05/2017;Parlor1;1;3;5;4;;19/05/2017 16:15;08:44;16:24;2,53;133,00;1,63;;Unchecked;Unchecked
4528;2;122;1;19/05/2017;Parlor1;1;3;5;2;;19/05/2017 16:14;01:39;16:16;0,79;213,00;0,78;;Unchecked;Unchecked
4066;3;132;1;19/05/2017;Parlor1;1;3;5;1;;19/05/2017 16:14;05:17;16:19;2,28;95,00;0,58;;Unchecked;Unchecked
4585;2;127;1;19/05/2017;Parlor1;1;3;6;8;;19/05/2017 16:24;02:37;16:27;2,40;132,00;2,28;;Unchecked;Unchecked
4575;2;125;1;19/05/2017;Parlor1;1;3;6;7;;19/05/2017 16:23;07:24;16:31;1,98;143,00;0,03;;Unchecked;Unchecked
4536;2;128;1;19/05/2017;Parlor1;1;3;6;6;;19/05/2017 16:23;04:38;16:28;2,71;123,00;1,70;;Unchecked;Unchecked
4537;2;125;1;19/05/2017;Parlor1;1;3;6;5;;19/05/2017 16:22;07:39;16:30;1,71;167,00;1,25;;Unchecked;Unchecked
4587;4;137;1;19/05/2017;Parlor1;1;3;7;3;;19/05/2017 16:33;11:28;16:45;2,98;151,00;0,35;;Unchecked;Unchecked
5408;5;121;1;19/05/2017;Parlor1;1;3;7;2;;19/05/2017 16:31;03:05;16:35;1,53;239,00;1,25;;Unchecked;Unchecked
4545;2;124;1;19/05/2017;Parlor1;1;3;7;1;;19/05/2017 16:31;05:08;16:36;2,72;167,00;1,13;;Unchecked;Unchecked
4065;4;137;1;19/05/2017;Parlor1;1;3;0;8;;19/05/2017 15:48;01:37;15:50;1,44;0,00;0,05;;Unchecked;Unchecked
4546;4;134;1;19/05/2017;Parlor1;1;3;0;7;;19/05/2017 15:48;12:17;16:00;9,58;0,00;0,80;;Unchecked;Unchecked
4550;4;133;1;19/05/2017;Parlor1;1;3;0;5;;19/05/2017 15:48;06:11;15:54;6,57;0,00;0,50;;Unchecked;Unchecked
4551;3;129;1;19/05/2017;Parlor1;1;3;0;1;;19/05/2017 15:57;07:35;16:05;9,56;0,00;2,18;;Unchecked;Unchecked
4581;4;134;1;19/05/2017;Parlor1;1;3;0;6;;19/05/2017 15:48;14:23;16:02;6,19;0,00;0,50;;Unchecked;Unchecked
4586;2;132;1;20/05/2017;Parlor1;1;1;1;8;;20/05/2017 08:45;10:27;08:55;17,08;238,00;0,00;;Unchecked;Unchecked
4535;3;129;1;20/05/2017;Parlor1;1;1;1;7;;20/05/2017 08:45;10:47;08:55;5,99;78,00;0,00;;Checked;Unchecked
5409;3;130;1;20/05/2017;Parlor1;1;1;1;6;;20/05/2017 08:44;11:42;08:55;11,39;100,00;0,00;;Unchecked;Unchecked
4551;3;129;1;20/05/2017;Parlor1;1;1;1;5;;20/05/2017 08:43;11:58;08:55;26,56;194,00;0,00;;Unchecked;Unchecked
4546;4;134;1;20/05/2017;Parlor1;1;1;2;3;;20/05/2017 08:24;10:18;08:35;12,50;93,00;2,15;;Unchecked;Unchecked
4581;4;134;1;20/05/2017;Parlor1;1;1;2;4;;20/05/2017 08:51;04:42;08:56;15,29;111,00;0,50;;Unchecked;Unchecked
4065;4;137;1;20/05/2017;Parlor1;1;1;2;2;;20/05/2017 08:23;01:39;08:25;0,41;13,00;0,45;;Checked;Unchecked
4550;4;133;1;20/05/2017;Parlor1;1;1;2;1;;20/05/2017 08:23;12:42;08:36;14,11;104,00;1,25;;Unchecked;Unchecked
4560;3;131;1;20/05/2017;Parlor1;1;1;3;8;;20/05/2017 09:03;11:57;09:15;14,03;95,00;1,83;;Unchecked;Unchecked
4525;3;129;1;20/05/2017;Parlor1;1;1;3;7;;20/05/2017 09:01;14:12;09:15;10,60;101,00;2,08;;Unchecked;Unchecked
4066;3;132;1;20/05/2017;Parlor1;1;1;3;6;;20/05/2017 09:01;13:02;09:14;11,62;89,00;1,58;;Unchecked;Unchecked
5403;3;130;1;20/05/2017;Parlor1;1;1;3;5;;20/05/2017 09:01;06:31;09:07;11,69;115,00;4,00;;Unchecked;Unchecked
4537;2;125;1;20/05/2017;Parlor1;1;1;4;8;;20/05/2017 09:23;07:23;09:30;7,91;127,00;4,30;;Unchecked;Unchecked
4536;2;128;1;20/05/2017;Parlor1;1;1;4;7;;20/05/2017 09:23;09:43;09:33;12,76;102,00;0,20;;Unchecked;Unchecked
4575;2;125;1;20/05/2017;Parlor1;1;1;4;6;;20/05/2017 09:22;09:27;09:31;10,69;126,00;1,88;;Unchecked;Unchecked
5402;2;128;1;20/05/2017;Parlor1;1;1;4;5;;20/05/2017 09:22;03:11;09:25;3,59;74,00;2,88;;Checked;Unchecked
4585;2;127;1;20/05/2017;Parlor1;1;1;5;3;;20/05/2017 09:28;08:38;09:37;12,76;113,00;5,38;;Unchecked;Unchecked
4545;2;124;1;20/05/2017;Parlor1;1;1;5;4;;20/05/2017 09:28;10:00;09:38;13,10;137,00;2,38;;Unchecked;Unchecked
4582;3;129;1;20/05/2017;Parlor1;1;1;5;2;;20/05/2017 09:27;17:05;09:44;14,90;121,00;0,03;;Unchecked;Unchecked
4528;2;122;1;20/05/2017;Parlor1;1;1;5;1;;20/05/2017 09:27;02:36;09:29;1,92;86,00;1,80;;Unchecked;Unchecked
4587;4;137;1;20/05/2017;Parlor1;1;1;6;7;;20/05/2017 09:47;16:45;10:04;10,71;98,00;1,18;;Unchecked;Unchecked
5408;5;121;1;20/05/2017;Parlor1;1;1;6;6;;20/05/2017 09:45;09:08;09:54;9,07;202,00;3,20;;Unchecked;Unchecked
4577;2;125;1;20/05/2017;Parlor1;1;1;6;5;;20/05/2017 10:07;00:44;10:08;4,99;86,00;1,18;;Unchecked;Unchecked
4548;4;134;1;20/05/2017;Parlor1;1;1;0;5;;20/05/2017 08:27;06:11;08:33;7,16;0,00;2,38;;Unchecked;Unchecked
4573;4;132;1;20/05/2017;Parlor1;1;1;0;7;;20/05/2017 08:28;06:47;08:35;2,24;0,00;0,65;;Unchecked;Unchecked
4583;4;135;1;20/05/2017;Parlor1;1;1;0;6;;20/05/2017 08:27;14:35;08:42;5,90;0,00;2,50;;Unchecked;Unchecked
5407;4;133;1;20/05/2017;Parlor1;1;1;0;8;;20/05/2017 08:28;05:33;08:34;7,31;0,00;1,13;;Unchecked;Unchecked
5407;4;133;1;20/05/2017;Parlor1;1;2;1;3;;20/05/2017 12:50;07:16;12:58;6,47;163,00;1,28;;Unchecked;Unchecked
4546;4;134;1;20/05/2017;Parlor1;1;2;1;4;;20/05/2017 12:51;07:15;12:58;6,04;159,00;1,40;;Unchecked;Unchecked
4065;4;137;1;20/05/2017;Parlor1;1;2;1;2;;20/05/2017 12:51;05:46;12:57;3,41;200,00;0,05;;Unchecked;Unchecked
4548;4;134;1;20/05/2017;Parlor1;1;2;1;1;;20/05/2017 12:50;07:14;12:57;6,75;173,00;1,78;;Unchecked;Unchecked
4573;4;132;1;20/05/2017;Parlor1;1;2;2;8;;20/05/2017 12:55;04:14;12:59;2,14;175,00;0,80;;Unchecked;Unchecked
4583;4;135;1;20/05/2017;Parlor1;1;2;2;7;;20/05/2017 12:54;05:12;12:59;4,64;144,00;2,40;;Unchecked;Unchecked
4581;4;134;1;20/05/2017;Parlor1;1;2;2;6;;20/05/2017 12:56;10:12;13:06;6,13;174,00;1,00;;Unchecked;Unchecked
4550;4;133;1;20/05/2017;Parlor1;1;2;2;5;;20/05/2017 12:54;07:55;13:02;6,25;162,00;1,05;;Unchecked;Unchecked
4535;3;129;1;20/05/2017;Parlor1;1;2;3;3;;20/05/2017 13:07;03:51;13:11;3,18;150,00;1,93;;Unchecked;Unchecked
5403;3;130;1;20/05/2017;Parlor1;1;2;3;4;;20/05/2017 13:07;03:13;13:10;4,25;162,00;3,43;;Unchecked;Unchecked
4551;3;129;1;20/05/2017;Parlor1;1;2;3;2;;20/05/2017 13:06;04:16;13:11;4,69;122,00;2,48;;Unchecked;Unchecked
5409;3;130;1;20/05/2017;Parlor1;1;2;3;1;;20/05/2017 13:07;05:11;13:12;4,04;127,00;0,03;;Unchecked;Unchecked
4525;3;129;1;20/05/2017;Parlor1;1;2;4;8;;20/05/2017 13:14;06:46;13:21;2,88;103,00;0,03;;Unchecked;Unchecked
4066;3;132;1;20/05/2017;Parlor1;1;2;4;7;;20/05/2017 13:14;05:54;13:20;4,04;117,00;1,03;;Unchecked;Unchecked
4560;3;131;1;20/05/2017;Parlor1;1;2;4;6;;20/05/2017 13:14;07:18;13:21;6,35;163,00;1,90;;Unchecked;Unchecked
5402;2;128;1;20/05/2017;Parlor1;1;2;4;5;;20/05/2017 13:13;02:54;13:16;2,62;225,00;2,33;;Unchecked;Unchecked
4545;2;124;1;20/05/2017;Parlor1;1;2;5;3;;20/05/2017 13:25;29:18;13:54;3,79;159,00;1,73;;Unchecked;Unchecked
4528;2;122;1;20/05/2017;Parlor1;1;2;5;4;;20/05/2017 13:27;21:45;13:49;1,81;200,00;1,38;;Unchecked;Unchecked
4536;2;128;1;20/05/2017;Parlor1;1;2;5;2;;20/05/2017 13:25;25:27;13:50;2,29;72,00;1,90;;Checked;Unchecked
4586;2;132;1;20/05/2017;Parlor1;1;2;5;1;;20/05/2017 13:25;22:43;13:48;0,50;23,00;1,73;;Checked;Unchecked
4575;2;125;1;20/05/2017;Parlor1;1;2;6;8;;20/05/2017 13:32;04:13;13:36;3,47;157,00;1,93;;Unchecked;Unchecked
4582;3;129;1;20/05/2017;Parlor1;1;2;6;7;;20/05/2017 13:31;04:22;13:36;4,25;135,00;2,08;;Unchecked;Unchecked
4585;2;127;1;20/05/2017;Parlor1;1;2;6;6;;20/05/2017 13:29;02:29;13:31;3,19;110,00;3,03;;Unchecked;Unchecked
4537;2;125;1;20/05/2017;Parlor1;1;2;6;5;;20/05/2017 13:29;05:26;13:35;3,72;229,00;2,98;;Unchecked;Unchecked
4065;4;137;1;20/05/2017;Parlor1;1;3;1;3;;20/05/2017 15:39;04:18;15:43;0,81;155,00;0,50;;Unchecked;Unchecked
5407;4;133;1;20/05/2017;Parlor1;1;3;1;4;;20/05/2017 15:38;04:48;15:43;3,40;134,00;1,20;;Unchecked;Unchecked
4546;4;134;1;20/05/2017;Parlor1;1;3;1;2;;20/05/2017 15:38;04:56;15:43;3,32;140,00;1,58;;Unchecked;Unchecked
4548;4;134;1;20/05/2017;Parlor1;1;3;1;1;;20/05/2017 15:38;04:50;15:43;3,40;137,00;1,45;;Unchecked;Unchecked
4587;4;137;1;20/05/2017;Parlor1;1;3;6;3;;20/05/2017 16:25;07:34;16:33;2,14;200,00;0,73;;Unchecked;Unchecked
4550;4;133;1;20/05/2017;Parlor1;1;3;2;7;;20/05/2017 15:41;04:54;15:46;2,91;124,00;0,90;;Unchecked;Unchecked
4573;4;132;1;20/05/2017;Parlor1;1;3;2;6;;20/05/2017 15:41;01:39;15:43;0,16;21,00;0,15;;Checked;Unchecked
4583;4;135;1;20/05/2017;Parlor1;1;3;2;5;;20/05/2017 15:41;03:28;15:44;2,24;112,00;1,55;;Unchecked;Unchecked
5403;3;130;1;20/05/2017;Parlor1;1;3;3;3;;20/05/2017 15:50;02:45;15:52;2,31;132,00;2,18;;Unchecked;Unchecked
4066;3;132;1;20/05/2017;Parlor1;1;3;3;4;;20/05/2017 15:50;04:47;15:55;2,49;116,00;0,98;;Unchecked;Unchecked
4551;3;129;1;20/05/2017;Parlor1;1;3;3;2;;20/05/2017 15:50;02:34;15:53;2,53;105,00;2,03;;Unchecked;Unchecked
4535;3;129;1;20/05/2017;Parlor1;1;3;3;1;;20/05/2017 15:50;01:38;15:51;0,19;14,00;0,25;;Checked;Unchecked
4536;2;128;1;20/05/2017;Parlor1;1;3;4;3;;20/05/2017 16:08;05:55;16:14;2,39;113,00;0,75;;Unchecked;Unchecked
4575;2;125;1;20/05/2017;Parlor1;1;3;4;4;;20/05/2017 16:08;03:43;16:12;1,97;142,00;1,18;;Unchecked;Unchecked
4545;2;124;1;20/05/2017;Parlor1;1;3;4;2;;20/05/2017 16:07;03:18;16:11;2,34;144,00;1,70;;Unchecked;Unchecked
4537;2;125;1;20/05/2017;Parlor1;1;3;4;1;;20/05/2017 16:08;03:26;16:11;1,80;174,00;1,38;;Unchecked;Unchecked
4586;2;132;1;20/05/2017;Parlor1;1;3;5;8;;20/05/2017 16:17;04:54;16:22;3,98;200,00;0,00;;Unchecked;Unchecked
4582;3;129;1;20/05/2017;Parlor1;1;3;5;7;;20/05/2017 16:16;06:12;16:22;5,66;200,00;0,00;;Unchecked;Unchecked
4585;2;127;1;20/05/2017;Parlor1;1;3;5;6;;20/05/2017 16:15;06:24;16:22;2,04;100,00;0,00;;Unchecked;Unchecked
4577;2;125;1;20/05/2017;Parlor1;1;3;5;5;;20/05/2017 16:15;06:47;16:22;0,51;22,00;0,00;;Checked;Unchecked
5408;5;121;1;20/05/2017;Parlor1;1;3;6;4;;20/05/2017 16:25;03:00;16:28;1,63;86,00;1,20;;Unchecked;Unchecked
4557;3;117;1;20/05/2017;Parlor1;1;3;6;2;;20/05/2017 16:24;05:04;16:29;3,58;100,00;0,65;;Unchecked;Unchecked
4528;2;122;1;20/05/2017;Parlor1;1;3;6;1;;20/05/2017 16:25;01:39;16:26;0,41;100,00;0,40;;Unchecked;Unchecked
4525;3;129;1;20/05/2017;Parlor1;1;3;0;8;;20/05/2017 16:02;12:55;16:15;5,36;0,00;0,03;;Unchecked;Unchecked
4560;3;131;1;20/05/2017;Parlor1;1;3;0;7;;20/05/2017 16:03;13:00;16:16;11,27;0,00;0,80;;Unchecked;Unchecked
5402;2;128;1;20/05/2017;Parlor1;1;3;0;5;;20/05/2017 16:01;06:36;16:08;2,44;0,00;1,73;;Unchecked;Unchecked
5409;3;130;1;20/05/2017;Parlor1;1;3;0;6;;20/05/2017 16:01;09:04;16:10;5,84;0,00;2,33;;Unchecked;Unchecked
796;;;;;;;;;;;;;;;;;;;
